"Students from Ireland and Northern Ireland (Number) by County of Study,"
"County of Origin and Year"

" "," ","2000","2001","2002","2003","2004","2005","2006","2007","2008","2009","2010","2011","2012","2013","2014","2015","2016","2017"
"Carlow"
" ","All counties (2)",2252,2454,2440,2301,2318,2293,2557,2796,2824,2931,3102,3345,3398,3541,3590,3876,3983,4022
" ","Carlow",336,420,434,353,411,416,523,573,654,689,747,743,648,650,652,696,718,746
" ","Dublin",217,184,182,156,151,134,135,146,143,133,144,150,137,123,139,159,177,186
" ","Kildare",334,380,418,406,396,375,393,454,459,495,509,573,600,635,637,693,691,729
" ","Kilkenny",174,215,214,215,184,186,185,181,172,182,201,225,235,261,251,250,266,283
" ","Laois",188,228,224,212,211,205,235,265,257,277,269,292,332,347,352,363,388,359
" ","Longford",9,12,17,12,13,12,10,10,8,9,12,13,13,12,10,11,9,8
" ","Louth",18,18,16,19,17,19,18,20,14,18,19,29,32,35,25,22,32,44
" ","Meath",48,51,50,60,55,47,51,56,58,50,54,51,62,66,70,79,79,84
" ","Offaly",64,68,74,79,61,66,62,77,74,80,88,79,80,97,107,116,108,106
" ","Westmeath",22,22,18,29,23,15,24,24,26,30,36,37,37,39,41,46,41,38
" ","Wexford",263,249,256,273,314,332,351,392,396,405,496,557,576,600,630,668,693,686
" ","Wicklow",133,153,149,153,168,164,173,187,188,209,193,203,217,224,230,261,278,283
" ","Clare",19,23,18,16,17,20,14,13,12,12,13,17,15,18,20,23,30,27
" ","Cork",35,32,32,25,38,32,37,42,48,50,52,58,65,57,55,65,77,91
" ","Kerry",18,14,11,15,9,14,15,18,14,12,10,16,25,22,24,25,26,26
" ","Limerick",25,24,17,14,19,17,19,26,14,10,15,14,15,21,24,32,30,26
" ","Tipperary",138,157,130,106,89,91,107,93,73,64,65,76,85,83,90,87,89,78
" ","Waterford",102,82,65,52,49,34,45,45,43,39,40,36,36,52,62,76,68,64
" ","Galway",27,33,32,23,17,24,36,39,41,44,39,33,36,39,29,26,32,28
" ","Leitrim",6,6,5,7,6,6,13,12,15,10,11,12,11,13,12,13,13,9
" ","Mayo",19,18,22,20,12,21,26,31,33,26,23,36,34,38,38,52,28,36
" ","Roscommon",13,13,9,11,10,9,15,22,19,24,15,25,25,29,23,26,23,23
" ","Sligo",13,10,6,4,6,7,11,11,15,11,11,14,15,13,7,8,8,10
" ","Cavan",15,16,18,18,17,22,25,24,19,18,13,18,16,12,15,19,22,14
" ","Donegal",5,11,9,12,10,4,13,16,10,10,10,18,26,25,22,23,17,14
" ","Monaghan",10,13,12,10,15,20,21,18,18,16,16,18,22,28,24,35,38,21
" ","Antrim",..,1,1,..,..,..,..,..,..,..,1,2,2,1,..,1,..,..
" ","Armagh",..,..,..,..,..,..,..,..,..,..,..,..,1,1,1,1,..,1
" ","Derry",1,1,1,1,..,..,..,..,..,..,..,..,..,..,..,..,1,1
" ","Down",..,..,..,..,..,1,..,1,1,1,..,..,..,..,..,..,1,1
" ","Fermanagh",..,..,..,..,..,..,..,..,..,..,..,..,..,..,..,..,..,..
" ","Tyrone",..,..,..,..,..,..,..,..,..,..,..,..,..,..,..,..,..,..
" ","Origin unknown",..,..,..,..,..,..,..,..,..,7,..,..,..,..,..,..,..,..
"Dublin"
" ","All counties (2)",45270,46541,48296,49890,50833,50393,50569,51093,51896,54324,58729,60681,62972,63417,64177,64864,65904,65892
" ","Carlow",581,604,602,599,597,707,596,567,566,586,672,714,724,703,653,633,642,637
" ","Dublin",21747,22957,23572,25058,25314,24856,25819,26370,25967,28241,29827,30583,32877,33070,33104,33004,33745,33758
" ","Kildare",2348,2416,2517,2691,2846,2836,2912,2920,2837,2914,3099,3287,3419,3467,3587,3678,3784,3821
" ","Kilkenny",837,813,861,898,878,813,795,796,814,839,951,981,1024,1033,1031,1023,1078,1119
" ","Laois",602,617,655,692,714,689,701,716,721,741,703,705,699,714,760,743,732,722
" ","Longford",415,402,417,428,457,489,438,448,457,488,486,491,510,535,542,548,521,499
" ","Louth",1011,1005,1098,1151,1208,1177,1209,1244,1296,1313,1416,1462,1581,1632,1687,1685,1775,1808
" ","Meath",2138,2176,2331,2474,2708,2635,2668,2724,2738,2783,2943,3076,3373,3505,3603,3621,3828,3871
" ","Offaly",651,605,602,587,589,561,534,519,567,570,609,596,604,607,636,641,650,667
" ","Westmeath",902,847,889,867,855,800,787,774,790,833,918,965,1035,1010,1017,1050,1068,1065
" ","Wexford",1353,1277,1295,1347,1414,1376,1385,1418,1485,1625,1788,1938,2001,1961,1989,1974,2034,2109
" ","Wicklow",2052,2100,2234,2235,2376,2906,2449,2572,2649,2752,3053,3238,3373,3419,3389,3450,3550,3578
" ","Clare",422,371,356,353,329,354,358,333,316,343,381,396,444,427,438,409,425,413
" ","Cork",1094,1054,1008,1062,1049,1004,996,977,1035,1077,1155,1188,1287,1263,1250,1256,1264,1287
" ","Kerry",660,582,554,559,575,539,521,468,464,482,494,506,526,531,609,611,609,568
" ","Limerick",640,619,589,564,544,513,467,433,417,468,506,514,546,556,574,583,566,579
" ","Tipperary",1002,984,920,856,867,786,789,751,715,728,777,778,808,888,906,914,910,845
" ","Waterford",610,566,531,588,548,533,484,489,483,477,530,560,586,593,656,666,706,667
" ","Galway",953,973,940,1013,1037,982,945,916,955,930,1016,1082,1166,1206,1147,1150,1169,1157
" ","Leitrim",223,265,270,281,268,339,257,249,263,290,310,334,335,274,313,339,369,369
" ","Mayo",1069,1130,1106,1064,1165,1061,1134,1072,1040,1028,1096,1082,1104,1088,1174,1121,1172,1133
" ","Roscommon",486,485,477,571,520,501,539,541,557,562,596,601,613,616,616,643,667,670
" ","Sligo",484,559,483,441,470,476,464,471,487,488,565,544,581,621,608,635,635,627
" ","Cavan",700,801,816,851,890,907,922,915,905,923,998,1002,1049,1103,1102,1067,1088,1071
" ","Donegal",776,838,824,873,996,759,909,908,971,979,1028,1064,1096,1099,1156,1169,1290,1289
" ","Monaghan",596,634,642,658,669,622,671,709,772,794,806,842,834,873,909,920,932,945
" ","Antrim",225,214,197,200,206,261,163,167,168,170,181,172,190,149,174,179,198,170
" ","Armagh",82,79,76,74,78,123,77,74,75,68,52,47,51,37,31,36,33,32
" ","Derry",128,111,118,122,141,141,125,117,97,77,80,66,86,63,49,45,47,37
" ","Down",260,248,269,254,264,216,193,185,178,168,188,165,176,139,128,123,139,141
" ","Fermanagh",88,78,74,74,71,60,53,50,53,51,58,50,48,30,34,35,38,34
" ","Tyrone",135,131,129,119,116,97,91,88,92,84,90,78,74,72,54,57,51,57
" ","Origin unknown",..,..,844,286,74,274,118,112,966,452,1357,1574,152,133,251,856,189,147
"Kildare"
" ","All counties (2)",4295,4458,4737,4892,5118,5270,5509,5514,5758,6234,6801,7270,7508,7667,7889,8517,9066,9325
" ","Carlow",75,82,98,106,109,111,110,105,84,82,108,124,125,124,128,132,156,169
" ","Dublin",1189,1180,1251,1288,1351,1381,1505,1575,1724,1850,1948,2088,2155,2062,2190,2378,2550,2577
" ","Kildare",611,705,815,922,1016,1006,1070,1087,1188,1346,1481,1551,1519,1435,1452,1545,1636,1674
" ","Kilkenny",90,99,108,104,114,117,120,104,98,109,121,128,144,143,139,158,169,209
" ","Laois",86,70,77,85,89,103,92,107,115,137,144,138,163,156,169,170,166,170
" ","Longford",81,85,69,65,75,98,98,98,77,74,78,75,82,81,88,89,97,107
" ","Louth",111,127,150,177,172,201,214,200,196,234,296,307,356,364,407,424,417,404
" ","Meath",251,284,322,328,399,445,486,463,505,594,702,810,842,859,927,1005,1110,1207
" ","Offaly",86,92,104,120,140,143,143,143,138,159,182,201,190,183,204,238,237,256
" ","Westmeath",126,139,153,157,169,184,221,207,206,227,264,280,272,292,310,345,372,355
" ","Wexford",125,124,135,144,136,143,155,137,147,158,177,181,203,201,210,261,304,314
" ","Wicklow",102,102,97,86,92,99,96,107,117,118,116,137,153,188,192,199,223,235
" ","Clare",65,125,56,52,50,49,37,23,26,20,18,20,26,27,33,33,34,37
" ","Cork",105,35,98,97,81,64,62,58,55,51,46,59,53,61,75,59,64,55
" ","Kerry",76,73,82,78,66,54,49,47,41,39,31,25,42,45,43,46,42,33
" ","Limerick",78,62,49,44,45,45,36,35,37,35,25,26,34,29,37,35,33,25
" ","Tipperary",110,117,114,109,110,101,82,73,59,57,51,70,66,62,69,79,102,95
" ","Waterford",52,48,41,44,44,42,42,36,35,27,24,32,37,50,63,70,79,87
" ","Galway",173,168,153,127,129,139,133,123,103,93,105,110,118,104,118,128,123,98
" ","Leitrim",51,55,55,61,64,59,59,64,54,75,81,84,68,71,73,76,70,88
" ","Mayo",120,126,146,149,146,120,117,110,105,108,114,118,116,119,134,145,147,130
" ","Roscommon",80,87,71,66,62,80,95,87,83,60,74,89,107,109,134,136,123,138
" ","Sligo",58,55,57,64,76,88,78,75,81,79,86,78,88,82,102,110,117,139
" ","Cavan",109,121,130,109,119,117,116,139,141,150,164,178,165,155,173,201,218,265
" ","Donegal",153,165,145,158,146,166,167,172,182,201,191,182,181,180,223,247,273,295
" ","Monaghan",93,99,98,86,90,90,98,113,130,125,147,161,165,158,170,180,184,156
" ","Antrim",4,3,2,6,4,7,9,8,8,4,8,4,6,4,5,6,8,3
" ","Armagh",8,2,8,4,5,4,2,3,6,3,2,3,7,..,1,1,1,..
" ","Derry",7,6,10,5,7,6,7,6,4,6,5,4,9,2,4,6,4,1
" ","Down",9,11,11,9,8,5,6,4,9,9,8,6,5,6,7,7,5,2
" ","Fermanagh",3,..,1,1,1,..,1,..,1,1,1,..,9,1,4,4,..,..
" ","Tyrone",8,11,3,6,3,3,3,5,3,3,3,1,2,2,5,4,2,1
" ","Origin unknown",..,..,28,35,..,..,..,..,..,..,..,..,..,312,..,..,..,..
"Louth"
" ","All counties (2)",2523,2268,2535,2585,2942,2934,3020,3132,3325,3648,4079,4317,3918,3899,3747,3853,3830,3761
" ","Carlow",6,6,8,11,11,6,7,6,7,8,11,11,10,12,11,12,9,6
" ","Dublin",429,320,339,274,296,296,300,321,350,373,397,469,441,444,429,459,456,465
" ","Kildare",31,28,28,29,43,30,24,29,30,26,25,34,46,41,41,42,39,34
" ","Kilkenny",4,5,4,6,2,6,7,9,15,18,17,21,11,11,9,9,12,14
" ","Laois",6,7,6,6,7,8,6,5,8,4,7,5,8,8,7,9,9,8
" ","Longford",10,8,8,10,10,10,10,8,10,10,16,16,14,14,15,14,11,11
" ","Louth",1124,1081,1186,1233,1380,1375,1378,1359,1391,1530,1779,1848,1556,1629,1568,1655,1645,1655
" ","Meath",316,286,346,367,446,448,495,552,580,634,702,738,719,684,649,640,660,632
" ","Offaly",11,10,13,8,8,8,7,10,8,9,10,11,12,10,14,12,6,12
" ","Westmeath",21,10,18,21,27,28,29,33,34,38,44,47,43,39,37,43,42,39
" ","Wexford",8,7,8,9,8,6,6,9,9,10,12,14,17,14,14,17,18,20
" ","Wicklow",24,10,11,15,14,13,16,22,22,26,24,14,23,22,27,33,32,27
" ","Clare",5,6,4,6,5,5,4,2,2,2,2,7,8,12,13,10,5,2
" ","Cork",20,17,23,25,16,15,14,18,21,24,22,21,17,13,19,15,8,17
" ","Kerry",9,5,4,3,9,5,6,8,8,7,9,15,13,13,9,7,6,5
" ","Limerick",6,4,13,5,7,6,9,13,14,8,7,8,3,4,8,7,6,3
" ","Tipperary",12,9,8,10,10,10,10,6,6,8,10,9,9,7,4,6,9,7
" ","Waterford",3,3,3,2,2,2,3,7,2,2,5,5,5,3,4,5,6,8
" ","Galway",15,12,13,19,15,11,11,19,13,21,22,25,28,21,14,14,12,13
" ","Leitrim",12,10,6,7,13,12,15,13,18,14,12,16,15,16,16,16,15,16
" ","Mayo",11,16,17,15,13,12,11,18,25,25,32,28,18,26,21,21,22,11
" ","Roscommon",10,7,6,8,9,8,4,5,9,10,13,7,5,9,9,10,8,6
" ","Sligo",5,2,2,5,12,10,8,5,10,11,18,10,6,6,8,7,7,8
" ","Cavan",105,120,144,135,168,191,189,188,232,257,284,298,286,251,227,209,211,207
" ","Donegal",22,20,24,27,21,20,24,25,23,28,31,32,22,23,26,23,21,15
" ","Monaghan",289,248,285,313,387,377,413,420,456,502,534,568,539,497,479,456,475,463
" ","Antrim",1,2,2,1,1,2,..,..,1,..,..,1,..,..,2,..,1,..
" ","Armagh",2,3,3,6,..,2,1,2,1,6,2,9,10,10,7,17,13,14
" ","Derry",..,..,..,..,..,..,..,..,..,..,..,1,1,1,..,..,..,..
" ","Down",5,6,3,8,1,11,12,20,19,35,27,25,30,54,57,82,62,39
" ","Fermanagh",1,..,..,1,..,..,1,..,..,..,1,1,1,2,2,3,3,2
" ","Tyrone",..,..,..,..,1,1,..,..,0,1,2,3,2,2,1,..,1,2
" ","Origin unknown",..,..,..,..,..,..,..,..,1,1,2,..,..,1,..,..,..,..
"Westmeath"
" ","All counties (2)",2994,3099,3232,3325,3427,3225,3343,2962,2756,2868,3288,3468,3394,3473,3559,3627,3436,3241
" ","Carlow",8,14,8,4,5,5,6,11,5,8,8,13,13,15,19,15,11,14
" ","Dublin",123,121,87,70,62,61,62,56,39,51,49,52,63,80,101,106,95,111
" ","Kildare",82,72,87,71,66,51,54,41,43,39,41,46,52,62,73,72,77,78
" ","Kilkenny",14,13,11,15,5,6,7,12,10,12,7,4,12,19,20,18,19,17
" ","Laois",86,86,85,84,99,88,101,98,88,105,103,90,118,123,123,107,90,92
" ","Longford",183,221,226,211,236,203,238,214,216,220,254,273,280,259,268,282,235,215
" ","Louth",21,26,28,40,32,21,23,12,12,11,19,15,20,25,29,26,27,24
" ","Meath",158,157,163,166,162,138,122,104,79,84,95,95,106,122,110,119,120,122
" ","Offaly",358,372,425,441,426,393,441,406,360,359,415,493,531,543,574,592,574,491
" ","Westmeath",503,547,605,650,753,832,888,736,850,956,1062,1181,933,817,841,916,865,831
" ","Wexford",12,8,14,10,11,8,8,7,9,4,5,7,7,13,16,21,23,27
" ","Wicklow",26,19,15,13,9,13,13,9,7,10,14,17,20,20,23,26,31,37
" ","Clare",54,34,42,40,48,47,44,40,29,20,26,34,44,67,69,60,56,54
" ","Cork",31,18,30,31,29,17,20,23,23,20,16,14,14,19,25,25,39,39
" ","Kerry",21,15,14,13,18,13,14,13,11,11,13,8,11,17,25,23,17,20
" ","Limerick",18,17,23,19,14,15,16,16,12,11,19,14,17,19,23,24,22,22
" ","Tipperary",83,71,68,74,84,59,71,54,37,43,51,42,48,62,64,57,64,57
" ","Waterford",8,8,6,9,5,3,5,7,9,11,5,7,5,5,10,8,7,6
" ","Galway",477,502,501,528,540,489,476,445,410,379,442,441,424,476,460,457,434,392
" ","Leitrim",49,61,52,61,53,56,57,50,38,27,31,30,39,41,38,38,39,33
" ","Mayo",178,168,168,152,156,132,129,119,91,88,97,104,105,117,113,108,107,109
" ","Roscommon",265,299,313,326,326,314,315,303,233,281,332,329,334,342,331,335,314,278
" ","Sligo",31,31,34,37,46,34,32,22,17,10,29,25,37,39,30,31,27,31
" ","Cavan",133,135,136,166,167,143,122,113,83,67,106,94,109,115,106,107,96,100
" ","Donegal",25,29,35,33,26,27,31,20,19,18,23,19,22,22,19,23,20,19
" ","Monaghan",47,51,51,58,47,56,47,31,26,23,26,21,30,34,45,29,25,22
" ","Antrim",..,..,..,..,..,..,..,..,..,..,..,..,..,..,..,..,..,..
" ","Armagh",..,..,..,..,..,..,..,..,..,..,..,..,..,..,1,..,..,..
" ","Derry",..,..,..,1,..,..,..,..,..,..,..,..,..,..,..,..,..,..
" ","Down",..,..,3,..,1,..,..,..,..,..,..,..,..,..,..,..,..,..
" ","Fermanagh",..,2,..,1,1,1,1,..,..,..,..,..,..,..,1,1,..,..
" ","Tyrone",..,2,2,1,..,..,..,..,..,..,..,..,..,..,1,..,..,..
" ","Origin unknown",..,..,..,..,..,..,..,..,..,..,..,..,..,..,1,1,2,..
"Cork"
" ","All counties (2)",15674,16308,16926,17370,17750,18145,18242,18383,19211,19858,21306,21408,21528,21460,21443,21603,22214,22569
" ","Carlow",40,34,32,41,49,44,40,39,39,39,42,51,62,64,59,65,70,61
" ","Dublin",287,235,230,234,217,247,188,192,209,196,222,209,232,260,264,265,276,257
" ","Kildare",63,60,51,53,52,69,67,84,76,77,79,94,102,103,101,105,113,132
" ","Kilkenny",226,233,265,277,288,329,341,377,412,423,469,459,458,458,439,433,460,452
" ","Laois",53,64,58,56,54,58,58,63,77,76,76,76,96,91,93,102,119,120
" ","Longford",22,15,14,14,12,13,10,9,8,7,8,10,13,16,10,14,17,21
" ","Louth",33,33,30,25,20,30,28,18,22,19,14,17,16,32,39,34,46,40
" ","Meath",57,46,46,40,35,38,41,45,58,53,57,66,55,58,57,63,67,72
" ","Offaly",48,47,33,35,40,44,49,58,44,41,29,29,40,35,43,37,41,53
" ","Westmeath",31,31,30,32,21,22,22,20,25,19,22,27,22,22,20,22,27,28
" ","Wexford",186,167,156,161,180,198,197,220,246,264,274,268,274,258,239,259,275,268
" ","Wicklow",46,43,43,40,39,44,50,65,64,63,55,62,62,67,79,73,78,67
" ","Clare",304,339,376,360,361,349,317,334,394,355,415,405,393,411,370,416,434,407
" ","Cork",10282,10795,11234,11518,11833,12014,12036,12033,12393,12895,13881,14016,14204,14279,14338,14432,14729,15018
" ","Kerry",1320,1442,1576,1648,1623,1686,1751,1731,1879,1983,2092,2046,1987,1881,1852,1889,1906,2068
" ","Limerick",793,801,789,770,775,758,795,830,888,905,945,950,932,897,835,822,830,813
" ","Tipperary",831,878,902,957,995,1039,1092,1055,1066,1113,1211,1204,1190,1161,1139,1111,1190,1209
" ","Waterford",626,659,692,737,785,812,825,852,923,953,982,997,935,900,965,978,1033,996
" ","Galway",190,176,169,169,160,163,158,182,195,183,209,207,203,206,222,212,241,227
" ","Leitrim",13,11,7,8,10,10,9,6,6,6,4,4,6,14,16,15,12,10
" ","Mayo",83,67,62,65,64,60,67,66,69,69,71,66,75,82,85,76,80,76
" ","Roscommon",31,27,34,35,32,24,19,25,30,27,33,32,30,30,34,42,32,33
" ","Sligo",22,28,19,23,29,26,22,23,26,26,33,32,38,28,34,37,30,29
" ","Cavan",16,22,14,9,14,15,18,15,12,13,18,20,26,20,26,19,18,25
" ","Donegal",34,24,33,31,29,26,21,20,30,34,35,38,54,55,53,50,49,49
" ","Monaghan",12,7,8,11,12,13,11,10,10,9,14,11,13,13,12,19,22,22
" ","Antrim",11,10,10,13,12,8,5,5,5,6,8,6,7,6,7,6,10,8
" ","Armagh",2,1,..,..,..,1,1,1,..,..,1,1,..,2,..,..,..,1
" ","Derry",4,2,2,2,1,1,1,2,..,..,..,..,..,2,3,1,1,1
" ","Down",4,8,8,5,4,2,1,1,2,1,2,2,..,1,4,2,3,2
" ","Fermanagh",1,1,2,..,1,..,1,1,1,1,2,..,..,3,4,3,4,4
" ","Tyrone",3,2,1,1,3,2,1,1,1,2,2,2,2,4,1,1,1,..
" ","Origin unknown",..,..,..,..,..,..,..,..,1,..,1,1,1,1,..,..,..,..
"Kerry"
" ","All counties (2)",2139,2261,2331,2332,2412,2386,2228,2214,1869,1975,2243,2378,2400,2392,2375,2550,2392,2301
" ","Carlow",16,12,11,5,8,8,7,5,3,7,7,6,7,11,7,10,11,9
" ","Dublin",17,13,13,14,14,19,10,14,13,17,23,22,20,22,28,37,28,31
" ","Kildare",15,13,7,11,7,9,12,10,10,19,23,21,26,22,17,23,19,21
" ","Kilkenny",7,7,6,6,2,4,5,5,7,10,9,9,7,8,9,9,12,10
" ","Laois",18,9,7,11,12,12,8,6,10,12,13,15,11,10,19,20,22,24
" ","Longford",3,4,1,1,4,3,3,3,3,2,2,2,1,4,6,3,2,4
" ","Louth",4,3,3,4,..,..,2,3,4,6,6,7,8,9,8,8,8,8
" ","Meath",21,21,20,20,10,10,10,6,6,2,5,13,18,18,19,27,25,23
" ","Offaly",18,18,11,12,10,9,11,13,14,16,11,17,15,16,13,19,17,15
" ","Westmeath",4,5,6,7,6,6,2,3,6,4,8,6,9,9,5,11,8,7
" ","Wexford",14,14,14,11,10,6,6,6,5,7,7,19,16,26,22,23,21,20
" ","Wicklow",3,4,5,4,5,10,8,8,8,13,11,16,20,22,25,34,23,23
" ","Clare",116,110,110,92,115,114,100,97,66,56,67,77,99,93,102,106,102,123
" ","Cork",379,409,389,368,387,345,316,273,226,234,236,270,272,239,256,300,295,300
" ","Kerry",1102,1190,1244,1298,1369,1428,1377,1412,1258,1359,1544,1564,1554,1562,1516,1542,1423,1294
" ","Limerick",222,236,290,300,299,255,217,220,139,118,164,194,195,187,179,191,190,197
" ","Tipperary",74,81,70,59,59,56,44,44,26,19,25,27,35,32,41,51,54,56
" ","Waterford",21,16,25,20,18,20,18,14,9,6,8,5,6,6,8,14,15,22
" ","Galway",50,57,59,48,43,37,40,37,25,27,28,29,27,33,37,45,39,33
" ","Leitrim",2,1,1,..,..,1,..,1,0,2,4,4,4,3,5,4,6,5
" ","Mayo",16,15,13,11,12,14,16,15,12,12,17,22,16,20,16,28,29,27
" ","Roscommon",7,9,13,11,6,7,4,4,4,4,5,8,8,15,11,12,12,15
" ","Sligo",2,2,..,2,1,2,1,4,5,4,4,4,7,7,5,10,7,6
" ","Cavan",2,3,4,3,4,2,1,..,1,7,5,5,7,5,6,5,5,7
" ","Donegal",3,5,4,6,4,3,3,5,7,9,9,12,7,7,9,11,10,10
" ","Monaghan",3,4,4,8,7,6,6,5,2,3,2,4,5,5,5,7,9,9
" ","Antrim",..,..,..,..,..,..,..,..,..,..,..,..,..,..,..,..,..,..
" ","Armagh",..,..,..,..,..,..,..,..,..,..,..,..,..,..,..,..,..,1
" ","Derry",..,..,..,..,..,..,1,1,..,..,..,..,..,..,..,..,..,..
" ","Down",..,..,..,..,..,..,..,..,..,..,..,..,..,1,1,..,..,..
" ","Fermanagh",..,..,..,..,..,..,..,..,..,..,..,..,..,..,..,..,..,..
" ","Tyrone",..,..,1,..,..,..,..,..,..,..,..,..,..,..,..,..,..,..
" ","Origin unknown",..,..,..,..,..,..,..,..,..,..,..,..,..,..,..,..,..,1
"Limerick"
" ","All counties (2)",12478,13101,13245,13471,14031,13778,14524,14436,14387,15399,16210,16665,17326,17756,17904,18134,19236,19511
" ","Carlow",56,48,44,40,40,52,60,68,78,70,69,62,73,83,100,111,105,107
" ","Dublin",283,235,212,222,201,196,239,226,231,254,281,298,319,316,309,310,357,334
" ","Kildare",140,134,118,115,128,135,146,165,170,179,196,211,213,234,230,241,255,256
" ","Kilkenny",262,285,272,275,301,293,323,332,312,330,354,352,368,363,368,381,400,428
" ","Laois",164,168,148,153,173,169,158,189,194,238,271,255,311,285,305,330,392,459
" ","Longford",51,63,56,53,48,47,45,49,57,59,57,61,50,45,54,48,54,62
" ","Louth",51,57,45,44,39,28,50,52,40,39,29,29,32,42,50,57,55,54
" ","Meath",124,108,92,77,81,90,83,89,76,81,94,99,124,109,102,108,112,108
" ","Offaly",195,203,206,218,216,205,229,259,265,291,297,290,297,280,284,295,343,388
" ","Westmeath",187,191,172,163,158,130,126,126,127,150,147,143,164,156,144,147,159,170
" ","Wexford",205,201,199,186,189,174,194,222,212,216,224,223,242,247,263,258,286,298
" ","Wicklow",50,49,57,46,49,55,50,58,60,70,82,79,85,93,89,101,106,117
" ","Clare",1456,1571,1648,1808,1939,1912,2061,1940,1895,2068,2258,2325,2374,2427,2440,2475,2596,2579
" ","Cork",1508,1560,1653,1742,1796,1796,1824,1758,1786,1864,1851,1826,1868,1966,1949,1911,2014,2014
" ","Kerry",1022,1058,1138,1127,1200,1149,1222,1196,1157,1175,1180,1207,1144,1156,1169,1214,1331,1371
" ","Limerick",3261,3486,3603,3784,4016,4023,4126,4007,4034,4190,4496,4774,4739,4985,5079,5132,5391,5276
" ","Tipperary",1234,1361,1358,1349,1387,1371,1468,1511,1498,1597,1761,1826,2180,2200,2165,2205,2239,2305
" ","Waterford",225,263,263,292,335,316,342,347,354,410,418,452,482,476,441,409,466,486
" ","Galway",953,1000,983,896,888,862,969,1020,1016,1162,1163,1116,1176,1119,1114,1116,1188,1232
" ","Leitrim",90,72,58,47,40,50,63,63,64,67,66,73,77,68,80,80,69,72
" ","Mayo",458,463,437,403,396,363,377,375,364,446,479,518,524,575,590,587,665,690
" ","Roscommon",172,189,179,168,154,128,130,144,155,178,172,170,175,189,216,202,202,240
" ","Sligo",100,121,115,99,90,90,84,81,85,93,107,114,112,116,115,124,145,153
" ","Cavan",48,52,39,32,35,29,36,28,39,35,33,31,38,43,49,64,66,73
" ","Donegal",130,118,108,90,94,73,78,83,87,96,92,99,123,138,149,148,151,151
" ","Monaghan",40,38,32,28,26,31,37,42,26,23,18,22,26,33,37,56,59,63
" ","Antrim",5,3,3,3,4,4,1,..,..,7,5,2,3,5,6,11,15,11
" ","Armagh",1,..,1,2,2,1,2,1,2,1,1,1,1,4,3,2,2,3
" ","Derry",2,1,1,2,1,2,1,1,..,1,1,1,1,..,1,2,1,1
" ","Down",2,..,2,1,2,2,..,1,1,6,4,3,2,3,2,3,6,4
" ","Fermanagh",1,1,2,2,..,..,..,2,1,1,1,1,1,..,1,1,1,2
" ","Tyrone",2,2,1,4,3,2,..,1,1,2,3,1,2,..,..,5,5,4
" ","Origin unknown",..,..,..,..,..,..,..,..,..,..,..,1,..,..,..,..,..,..
"Tipperary"
" ","All counties (2)",162,184,269,325,364,373,373,334,284,328,479,668,..,..,..,..,..,..
" ","Carlow",..,..,1,2,2,1,1,1,0,..,3,3,..,..,..,..,..,..
" ","Dublin",2,5,4,13,26,1,3,4,6,5,6,11,..,..,..,..,..,..
" ","Kildare",..,..,4,4,3,6,7,5,3,5,9,12,..,..,..,..,..,..
" ","Kilkenny",7,7,9,18,19,13,22,17,17,14,17,35,..,..,..,..,..,..
" ","Laois",1,2,5,10,14,14,15,17,12,15,24,32,..,..,..,..,..,..
" ","Longford",1,..,..,..,..,..,..,..,0,..,..,..,..,..,..,..,..,..
" ","Louth",..,..,1,1,2,1,..,..,1,..,1,1,..,..,..,..,..,..
" ","Meath",..,..,1,2,1,3,2,1,1,5,8,4,..,..,..,..,..,..
" ","Offaly",5,6,8,6,3,9,4,4,4,5,9,11,..,..,..,..,..,..
" ","Westmeath",2,1,1,1,1,1,1,1,0,2,9,10,..,..,..,..,..,..
" ","Wexford",1,1,2,3,5,4,4,2,2,3,8,14,..,..,..,..,..,..
" ","Wicklow",..,2,2,1,1,..,1,1,0,1,1,6,..,..,..,..,..,..
" ","Clare",..,2,6,3,3,7,4,4,6,11,12,23,..,..,..,..,..,..
" ","Cork",3,3,9,9,12,13,11,5,8,11,18,31,..,..,..,..,..,..
" ","Kerry",2,..,2,2,4,3,3,5,6,7,9,9,..,..,..,..,..,..
" ","Limerick",3,5,10,26,34,8,9,8,7,15,26,31,..,..,..,..,..,..
" ","Tipperary",128,136,177,197,202,265,264,245,197,212,301,398,..,..,..,..,..,..
" ","Waterford",4,8,9,11,17,8,9,6,6,11,12,25,..,..,..,..,..,..
" ","Galway",2,2,5,7,5,3,4,2,1,2,3,7,..,..,..,..,..,..
" ","Leitrim",..,..,..,..,..,1,1,..,2,..,..,..,..,..,..,..,..,..
" ","Mayo",..,2,2,2,3,4,1,3,1,1,..,1,..,..,..,..,..,..
" ","Roscommon",..,1,..,1,1,2,2,1,1,1,..,..,..,..,..,..,..,..
" ","Sligo",..,..,1,2,1,..,..,..,0,1,..,1,..,..,..,..,..,..
" ","Cavan",1,1,1,..,1,1,1,..,..,..,..,..,..,..,..,..,..,..
" ","Donegal",..,..,8,2,2,3,2,2,3,1,2,1,..,..,..,..,..,..
" ","Monaghan",..,..,1,2,2,2,2,..,..,..,1,2,..,..,..,..,..,..
" ","Antrim",..,..,..,..,..,..,..,..,..,..,..,..,..,..,..,..,..,..
" ","Armagh",..,..,..,..,..,..,..,..,..,..,..,..,..,..,..,..,..,..
" ","Derry",..,..,..,..,..,..,..,..,..,..,..,..,..,..,..,..,..,..
" ","Down",..,..,..,..,..,..,..,..,..,..,..,..,..,..,..,..,..,..
" ","Fermanagh",..,..,..,..,..,..,..,..,..,..,..,..,..,..,..,..,..,..
" ","Tyrone",..,..,..,..,..,..,..,..,..,..,..,..,..,..,..,..,..,..
" ","Origin unknown",..,..,..,..,..,..,..,..,..,..,..,..,..,..,..,..,..,..
"Waterford"
" ","All counties (2)",5182,5324,5445,5690,5745,5267,5538,5459,5962,6137,6244,6416,6479,6541,6374,6199,6052,5923
" ","Carlow",122,149,241,186,174,162,196,208,204,220,191,191,181,136,145,155,177,169
" ","Dublin",230,180,143,139,135,109,103,97,121,109,105,118,131,139,126,115,112,125
" ","Kildare",212,193,190,171,189,167,173,159,170,190,196,194,156,154,136,135,131,133
" ","Kilkenny",504,535,605,671,703,680,735,730,788,788,782,837,830,817,799,779,764,754
" ","Laois",123,140,162,189,187,186,184,172,182,186,183,159,153,141,117,128,156,171
" ","Longford",11,10,6,14,13,13,11,10,5,6,5,5,6,4,3,5,3,5
" ","Louth",34,30,21,25,25,22,31,31,36,30,20,24,21,23,27,26,20,23
" ","Meath",98,92,94,87,66,67,55,55,54,62,69,51,46,48,40,35,47,49
" ","Offaly",76,86,85,93,85,64,70,52,59,80,84,90,81,78,77,71,70,70
" ","Westmeath",65,61,52,48,46,26,23,25,26,32,28,28,23,25,23,29,28,28
" ","Wexford",909,976,999,1050,1084,1015,1049,1009,1016,982,992,1012,1058,1087,1048,992,920,921
" ","Wicklow",178,198,125,155,151,151,155,149,191,204,194,192,185,175,190,192,177,170
" ","Clare",113,94,91,97,99,72,72,70,63,65,57,61,52,44,46,45,35,37
" ","Cork",373,345,329,354,357,343,361,359,357,351,331,343,369,411,373,339,364,361
" ","Kerry",91,114,93,92,88,76,81,70,69,56,51,44,53,54,68,70,69,62
" ","Limerick",145,129,123,141,130,121,108,105,120,122,102,115,100,98,93,86,83,78
" ","Tipperary",569,585,619,675,669,625,685,621,666,623,624,669,678,715,719,717,723,721
" ","Waterford",1083,1190,1288,1323,1393,1237,1329,1418,1716,1911,2100,2151,2212,2256,2208,2149,2055,1946
" ","Galway",72,63,55,55,47,39,34,45,46,48,53,56,57,58,64,53,53,36
" ","Leitrim",13,16,17,12,10,7,5,4,4,6,5,4,6,10,7,5,4,5
" ","Mayo",48,46,35,33,20,25,20,14,16,15,17,14,13,14,13,20,18,18
" ","Roscommon",28,23,17,18,15,9,7,7,12,11,13,14,24,19,19,11,11,13
" ","Sligo",11,11,11,4,7,5,9,11,9,8,8,10,11,5,6,9,6,5
" ","Cavan",39,27,22,27,23,22,24,19,13,10,12,15,13,9,12,12,10,6
" ","Donegal",15,14,13,13,18,12,13,12,9,12,12,9,9,10,7,9,9,9
" ","Monaghan",19,15,9,17,10,11,5,7,10,10,8,9,6,6,6,6,4,4
" ","Antrim",1,1,..,..,..,..,..,..,..,..,..,..,..,..,..,..,..,..
" ","Armagh",..,..,..,..,..,..,..,..,..,..,..,..,..,..,..,..,..,..
" ","Derry",..,..,..,..,..,..,..,..,..,..,..,..,..,..,..,..,..,..
" ","Down",..,..,..,..,..,..,..,..,..,..,..,..,..,..,..,..,1,..
" ","Fermanagh",..,..,..,1,..,..,..,..,..,..,..,..,..,..,..,..,..,..
" ","Tyrone",..,1,..,..,1,1,..,..,..,..,..,..,1,1,2,1,1,1
" ","Origin unknown",..,..,..,..,..,..,..,..,..,..,2,1,4,4,..,1,1,3
"Galway"
" ","All counties (2)",12161,12705,13613,14449,15206,14755,15210,14937,14919,15578,16733,17174,17183,15771,16218,16452,16929,18205
" ","Carlow",41,41,36,54,58,63,67,65,69,62,74,72,68,65,75,73,88,100
" ","Dublin",385,472,450,455,422,307,318,341,322,340,339,366,357,372,424,452,539,550
" ","Kildare",157,151,174,164,187,172,159,168,187,200,227,261,267,256,283,290,320,354
" ","Kilkenny",87,97,95,89,90,87,87,81,77,67,79,95,94,88,84,91,104,124
" ","Laois",121,126,149,139,150,166,177,183,205,207,209,222,225,183,185,201,254,276
" ","Longford",158,142,188,176,195,198,201,216,202,223,237,235,218,203,213,245,254,254
" ","Louth",111,115,111,115,94,88,81,79,69,66,81,78,93,106,115,128,131,153
" ","Meath",169,144,140,139,158,190,181,166,192,190,208,221,231,215,225,244,257,284
" ","Offaly",238,239,233,266,280,284,286,273,287,329,357,386,389,376,380,380,373,424
" ","Westmeath",314,305,336,348,379,409,458,463,457,476,509,510,485,436,452,445,443,496
" ","Wexford",94,82,82,75,76,73,74,70,76,61,75,74,73,86,95,94,108,116
" ","Wicklow",59,56,53,67,68,79,73,77,73,72,105,106,110,107,136,155,174,169
" ","Clare",722,735,818,843,917,902,964,924,887,936,971,968,987,960,994,984,996,1049
" ","Cork",324,356,321,321,322,341,323,290,267,256,300,291,299,300,323,331,353,418
" ","Kerry",318,283,301,302,316,307,297,281,227,231,263,274,274,269,292,306,351,368
" ","Limerick",323,403,383,423,420,400,394,383,344,334,331,343,334,316,357,350,402,429
" ","Tipperary",358,297,326,289,341,323,302,254,230,233,267,280,315,327,361,369,400,420
" ","Waterford",63,67,78,72,78,71,69,60,55,55,60,46,58,76,92,106,102,125
" ","Galway",4579,4843,5268,5640,5812,5576,5904,5789,6198,6569,6869,7227,7285,6272,6438,6538,6395,6992
" ","Leitrim",145,132,168,177,217,217,227,213,202,250,273,274,303,268,261,229,233,239
" ","Mayo",1555,1672,1790,2096,2255,2170,2203,2191,2074,2091,2297,2340,2281,2090,2075,2062,2098,2129
" ","Roscommon",564,532,571,628,679,665,733,696,588,607,702,701,664,650,632,660,684,744
" ","Sligo",459,521,561,598,652,639,611,602,591,587,681,630,602,552,534,516,548,528
" ","Cavan",152,174,179,179,192,179,186,195,175,183,182,187,196,188,191,188,232,307
" ","Donegal",521,579,655,627,670,686,676,714,702,787,902,873,876,891,850,821,837,913
" ","Monaghan",88,64,67,75,85,67,61,72,79,82,86,79,83,107,128,147,162,168
" ","Antrim",8,15,20,23,1,31,22,21,12,11,14,10,4,2,7,16,33,26
" ","Armagh",4,7,7,10,12,9,10,8,2,4,2,..,..,..,1,1,2,2
" ","Derry",10,17,22,25,19,17,13,7,7,4,10,9,4,5,3,3,10,9
" ","Down",18,17,13,11,14,13,16,7,7,..,7,3,1,1,2,5,11,6
" ","Fermanagh",4,7,6,10,29,14,13,6,4,5,5,5,3,2,4,10,16,12
" ","Tyrone",12,14,12,13,13,10,12,7,7,5,11,8,4,2,6,11,19,19
" ","Origin unknown",..,..,..,..,5,2,12,35,45,55,..,..,..,..,..,1,..,2
"Sligo"
" ","All counties (2)",3141,2982,3428,3641,3558,3713,4020,3905,3833,3870,4162,4255,4189,4216,4219,4251,4223,4101
" ","Carlow",15,13,6,6,10,8,8,8,11,10,2,6,8,9,3,9,7,6
" ","Dublin",75,68,55,56,49,58,77,57,52,40,44,55,57,61,109,73,68,65
" ","Kildare",45,36,35,30,27,29,31,32,30,31,24,35,36,47,42,45,35,28
" ","Kilkenny",10,9,11,9,9,6,6,12,22,18,18,18,17,17,32,24,31,30
" ","Laois",13,9,8,6,8,9,10,11,9,10,13,17,24,21,27,21,21,23
" ","Longford",126,102,116,119,153,156,149,132,118,141,141,124,109,115,99,106,110,107
" ","Louth",17,22,24,22,23,23,20,17,18,25,36,35,29,30,34,27,29,21
" ","Meath",43,37,46,54,51,70,72,62,49,65,84,76,93,81,84,94,90,79
" ","Offaly",43,34,29,28,21,36,36,39,38,44,33,42,29,39,33,36,34,46
" ","Westmeath",90,89,71,80,75,54,64,71,73,80,132,129,127,143,141,159,155,159
" ","Wexford",21,24,13,12,7,8,11,15,12,11,11,9,11,10,9,14,16,22
" ","Wicklow",15,20,21,8,6,10,9,13,9,8,13,19,19,26,17,23,17,15
" ","Clare",47,33,42,37,40,39,42,48,37,36,20,31,26,35,29,36,37,28
" ","Cork",43,43,22,30,30,31,45,36,39,36,39,38,48,42,53,44,48,46
" ","Kerry",25,20,17,21,18,15,16,15,21,19,13,24,15,20,14,22,26,20
" ","Limerick",31,19,23,30,25,23,28,16,19,9,27,19,25,17,21,20,15,16
" ","Tipperary",33,28,23,22,12,12,19,25,24,22,11,19,13,26,14,26,32,27
" ","Waterford",6,13,11,6,6,9,15,9,12,9,6,10,7,11,15,18,16,14
" ","Galway",231,207,244,270,260,250,294,277,247,283,319,288,338,299,327,276,246,228
" ","Leitrim",195,205,288,293,313,313,326,312,303,321,324,320,272,267,270,301,308,287
" ","Mayo",527,502,596,646,642,702,808,841,802,813,820,824,765,724,661,641,606,578
" ","Roscommon",264,238,303,341,311,363,345,358,325,308,327,368,321,329,279,275,266,226
" ","Sligo",811,755,906,919,905,882,951,915,933,915,986,1062,1039,1053,1043,1100,1097,1041
" ","Cavan",145,182,195,214,238,215,233,196,230,223,222,229,231,253,269,248,251,226
" ","Donegal",210,209,246,276,224,299,305,309,311,302,333,347,376,400,438,465,526,529
" ","Monaghan",56,56,70,100,90,86,93,76,87,86,101,104,106,132,128,134,124,121
" ","Antrim",3,4,1,2,1,..,1,..,..,..,1,..,1,..,1,1,..,1
" ","Armagh",..,..,..,..,..,..,..,..,..,..,1,..,..,1,2,..,..,..
" ","Derry",..,..,..,..,..,..,..,..,1,1,2,..,1,2,6,1,..,1
" ","Down",..,1,1,1,1,..,..,..,..,..,..,..,1,3,4,3,..,..
" ","Fermanagh",1,2,4,2,3,6,5,3,1,3,6,5,4,2,10,8,8,10
" ","Tyrone",..,2,1,1,..,1,1,..,..,..,1,2,1,1,5,2,3,3
" ","Origin unknown",..,..,..,..,..,..,..,..,..,1,52,..,40,..,..,..,1,98
"Donegal"
" ","All counties (2)",2122,2156,2078,2045,2135,1960,2077,2085,1844,2140,2403,2490,2464,2618,2655,2858,2913,2890
" ","Carlow",4,3,1,2,..,2,1,1,0,2,..,1,4,1,1,3,4,4
" ","Dublin",63,48,36,30,24,25,31,24,18,19,15,17,25,49,29,26,29,25
" ","Kildare",27,17,12,15,11,5,5,7,9,7,10,14,12,16,14,16,21,19
" ","Kilkenny",3,4,5,3,2,2,1,2,2,2,3,4,5,3,6,7,9,9
" ","Laois",3,1,..,..,1,1,2,3,2,2,4,5,7,14,9,9,9,5
" ","Longford",15,11,15,11,9,12,13,16,12,14,9,12,12,10,14,14,14,17
" ","Louth",23,18,13,11,9,14,12,11,14,19,25,17,15,15,15,16,29,24
" ","Meath",32,23,16,13,12,20,17,17,14,16,20,29,19,22,16,20,14,16
" ","Offaly",4,2,1,6,4,8,4,3,0,..,3,5,5,9,8,8,4,5
" ","Westmeath",6,3,4,3,4,5,11,9,6,7,15,8,10,10,7,8,5,14
" ","Wexford",9,5,1,4,3,4,4,3,1,2,3,6,3,5,4,5,4,7
" ","Wicklow",8,7,2,3,3,7,4,4,6,5,9,13,8,11,14,12,12,13
" ","Clare",8,3,6,11,11,10,17,9,8,10,9,10,10,6,10,13,12,17
" ","Cork",12,6,5,6,7,9,7,6,3,4,6,3,4,6,8,8,10,11
" ","Kerry",5,4,5,4,2,5,6,5,2,5,4,4,6,5,5,4,1,3
" ","Limerick",6,4,2,1,2,1,6,5,4,4,4,4,6,9,9,11,9,7
" ","Tipperary",4,4,5,3,5,6,5,6,3,2,2,1,3,3,4,5,2,2
" ","Waterford",5,1,1,..,1,1,..,2,0,1,3,2,2,3,2,2,2,2
" ","Galway",55,42,31,29,26,33,28,33,28,31,38,32,35,45,42,37,45,35
" ","Leitrim",39,52,46,43,48,37,38,34,28,26,29,23,30,43,43,45,51,40
" ","Mayo",80,70,74,83,96,91,108,92,87,90,94,86,94,88,99,95,89,80
" ","Roscommon",49,38,32,24,34,27,23,24,18,23,23,29,29,37,35,47,48,47
" ","Sligo",97,83,88,89,84,89,92,98,68,69,44,69,91,96,104,115,104,95
" ","Cavan",56,53,39,45,49,36,35,27,22,24,24,25,26,45,45,55,61,56
" ","Donegal",1401,1547,1540,1506,1593,1422,1520,1551,1414,1672,1920,1977,1905,1939,1978,2134,2165,2183
" ","Monaghan",100,93,86,87,90,86,83,84,68,66,73,76,81,107,107,115,124,104
" ","Antrim",..,2,1,2,2,1,1,1,..,..,..,..,..,..,..,..,1,2
" ","Armagh",1,2,..,..,..,..,..,..,..,..,..,..,..,..,1,..,..,..
" ","Derry",5,2,2,4,..,..,..,2,2,6,7,8,12,6,10,13,21,30
" ","Down",..,1,..,1,..,..,..,..,3,3,2,1,..,..,..,2,2,2
" ","Fermanagh",1,..,..,..,..,..,..,..,..,..,..,..,1,3,1,3,2,2
" ","Tyrone",1,7,9,6,3,1,3,6,2,9,5,7,4,7,4,8,9,12
" ","Origin unknown",..,..,..,..,..,..,..,..,..,..,..,2,..,5,11,2,1,2
"All counties of study"
" ","All counties (2)",110393,113841,118575,122316,125839,124492,127210,127250,128868,135290,145779,150535,152759,152751,154150,156784,160178,161741
" ","Carlow",1300,1426,1522,1409,1474,1585,1622,1657,1720,1783,1934,1997,1923,1873,1853,1914,1998,2028
" ","Dublin",25047,26018,26574,28009,28262,27690,28790,29423,29195,31628,33400,34438,36814,36998,37252,37384,38432,38484
" ","Kildare",4065,4205,4456,4682,4971,4890,5053,5161,5212,5528,5919,6333,6448,6472,6613,6885,7121,7279
" ","Kilkenny",2225,2322,2466,2586,2597,2542,2634,2658,2746,2812,3028,3168,3205,3221,3187,3182,3324,3449
" ","Laois",1464,1527,1584,1643,1719,1708,1747,1835,1880,2010,2019,2011,2147,2093,2166,2203,2358,2429
" ","Longford",1085,1075,1133,1114,1225,1254,1226,1213,1173,1253,1305,1317,1308,1298,1322,1379,1327,1310
" ","Louth",2558,2535,2726,2867,3021,2999,3066,3046,3113,3310,3741,3869,3759,3942,4004,4112,4214,4258
" ","Meath",3455,3425,3667,3827,4184,4201,4283,4340,4410,4619,5041,5329,5688,5787,5902,6055,6409,6547
" ","Offaly",1797,1782,1824,1899,1883,1830,1876,1856,1858,1983,2127,2250,2273,2273,2373,2445,2457,2533
" ","Westmeath",2273,2251,2355,2406,2517,2512,2656,2492,2626,2854,3194,3371,3160,2998,3038,3221,3213,3230
" ","Wexford",3200,3135,3174,3285,3437,3347,3444,3510,3616,3748,4072,4322,4481,4508,4539,4586,4702,4808
" ","Wicklow",2696,2763,2814,2826,2981,3551,3097,3272,3394,3551,3870,4102,4275,4374,4411,4559,4701,4734
" ","Clare",3331,3446,3573,3718,3934,3880,4034,3837,3741,3934,4249,4374,4478,4527,4564,4610,4762,4773
" ","Cork",14209,14673,15153,15588,15957,16024,16052,15878,16261,16873,17953,18158,18500,18656,18724,18785,19265,19657
" ","Kerry",4669,4800,5041,5162,5297,5294,5358,5269,5157,5386,5713,5742,5650,5575,5626,5759,5807,5838
" ","Limerick",5551,5809,5914,6121,6330,6185,6230,6097,6049,6229,6667,7006,6946,7138,7239,7293,7577,7471
" ","Tipperary",4576,4708,4720,4706,4830,4744,4938,4738,4600,4721,5156,5399,5430,5566,5576,5627,5814,5822
" ","Waterford",2808,2924,3013,3156,3281,3088,3186,3292,3647,3912,4193,4328,4371,4431,4526,4501,4555,4423
" ","Galway",7777,8078,8453,8824,8979,8608,9032,8927,9278,9772,10306,10653,10893,9878,10012,10052,9977,10471
" ","Leitrim",838,886,973,997,1042,1108,1070,1021,997,1094,1150,1178,1166,1088,1134,1161,1189,1173
" ","Mayo",4164,4295,4468,4739,4980,4775,5017,4947,4719,4812,5157,5239,5145,4981,5019,4956,5061,5017
" ","Roscommon",1969,1948,2025,2208,2159,2137,2231,2217,2034,2096,2305,2373,2335,2374,2339,2399,2390,2433
" ","Sligo",2093,2178,2283,2287,2379,2348,2363,2318,2327,2302,2572,2593,2627,2618,2596,2702,2731,2672
" ","Cavan",1521,1707,1737,1788,1917,1879,1908,1859,1872,1910,2061,2102,2162,2199,2221,2194,2278,2357
" ","Donegal",3295,3559,3644,3654,3833,3500,3762,3837,3768,4149,4588,4671,4697,4789,4930,5123,5368,5476
" ","Monaghan",1353,1322,1365,1453,1530,1467,1548,1587,1684,1739,1832,1917,1910,1993,2050,2104,2158,2098
" ","Antrim",258,255,237,250,231,314,202,202,194,198,218,197,213,167,202,219,266,221
" ","Armagh",100,94,95,96,97,140,93,89,86,82,61,61,70,55,48,58,51,54
" ","Derry",157,140,156,162,169,167,148,136,111,95,105,89,114,81,76,71,85,81
" ","Down",298,292,310,290,295,250,228,219,220,223,238,205,215,208,205,227,230,197
" ","Fermanagh",100,91,89,92,106,81,75,62,61,62,74,62,67,43,61,68,72,66
" ","Tyrone",161,172,159,151,143,118,111,108,106,106,117,102,92,91,79,89,92,99
" ","Origin unknown",..,..,872,321,79,276,130,147,1013,516,1414,1579,197,456,263,861,194,253

"Year refers to school year end, i.e 2007 refers to 2006/2007 school "
"year. "
" "
"The table refers to full-time students only. "
" "
"County of Origin refers to the county of permanent address prior to "
"entry to the programme of study. "
" "
"All Counties (2):  refers to the 26 geographic counties of Ireland "
"and the 6 geographic counties of Northern Ireland.  "
" "
"All Counties of Study:  refers to Carlow, Dublin, Kildare, Louth, "
"Westmeath, Cork, Kerry, Limerick, Tipperary, Waterford, Galway, "
"Sligo, Donegal "

