Date,Source,Site ID,POC,Daily Max 8-hour Ozone Concentration,UNITS,DAILY_AQI_VALUE,Site Name,DAILY_OBS_COUNT,PERCENT_COMPLETE,AQS_PARAMETER_CODE,AQS_PARAMETER_DESC,CBSA_CODE,CBSA_NAME,STATE_CODE,STATE,COUNTY_CODE,COUNTY,SITE_LATITUDE,SITE_LONGITUDE
01-01-2015,AQS,60550003,1,0.023,ppm,21,Napa,14,82,44201,Ozone,34900,"Napa, CA",6,California,55,Napa,38.310942,-122.296189
01-05-2015,AQS,60550003,1,0.011,ppm,10,Napa,13,76,44201,Ozone,34900,"Napa, CA",6,California,55,Napa,38.310942,-122.296189
01-06-2015,AQS,60550003,1,0.016,ppm,15,Napa,17,100,44201,Ozone,34900,"Napa, CA",6,California,55,Napa,38.310942,-122.296189
01-07-2015,AQS,60550003,1,0.013,ppm,12,Napa,17,100,44201,Ozone,34900,"Napa, CA",6,California,55,Napa,38.310942,-122.296189
01-08-2015,AQS,60550003,1,0.008,ppm,7,Napa,17,100,44201,Ozone,34900,"Napa, CA",6,California,55,Napa,38.310942,-122.296189
01-09-2015,AQS,60550003,1,0.009,ppm,8,Napa,17,100,44201,Ozone,34900,"Napa, CA",6,California,55,Napa,38.310942,-122.296189
01-10-2015,AQS,60550003,1,0.012,ppm,11,Napa,17,100,44201,Ozone,34900,"Napa, CA",6,California,55,Napa,38.310942,-122.296189
01-11-2015,AQS,60550003,1,0.009,ppm,8,Napa,17,100,44201,Ozone,34900,"Napa, CA",6,California,55,Napa,38.310942,-122.296189
01-12-2015,AQS,60550003,1,0.014,ppm,13,Napa,17,100,44201,Ozone,34900,"Napa, CA",6,California,55,Napa,38.310942,-122.296189
01/13/2015,AQS,60550003,1,0.031,ppm,29,Napa,17,100,44201,Ozone,34900,"Napa, CA",6,California,55,Napa,38.310942,-122.296189
01/14/2015,AQS,60550003,1,0.024,ppm,22,Napa,17,100,44201,Ozone,34900,"Napa, CA",6,California,55,Napa,38.310942,-122.296189
01/15/2015,AQS,60550003,1,0.01,ppm,9,Napa,17,100,44201,Ozone,34900,"Napa, CA",6,California,55,Napa,38.310942,-122.296189
01/16/2015,AQS,60550003,1,0.008,ppm,7,Napa,17,100,44201,Ozone,34900,"Napa, CA",6,California,55,Napa,38.310942,-122.296189
01/17/2015,AQS,60550003,1,0.014,ppm,13,Napa,17,100,44201,Ozone,34900,"Napa, CA",6,California,55,Napa,38.310942,-122.296189
01/18/2015,AQS,60550003,1,0.008,ppm,7,Napa,17,100,44201,Ozone,34900,"Napa, CA",6,California,55,Napa,38.310942,-122.296189
01/19/2015,AQS,60550003,1,0.011,ppm,10,Napa,17,100,44201,Ozone,34900,"Napa, CA",6,California,55,Napa,38.310942,-122.296189
01/20/2015,AQS,60550003,1,0.016,ppm,15,Napa,17,100,44201,Ozone,34900,"Napa, CA",6,California,55,Napa,38.310942,-122.296189
01/21/2015,AQS,60550003,1,0.014,ppm,13,Napa,17,100,44201,Ozone,34900,"Napa, CA",6,California,55,Napa,38.310942,-122.296189
01/22/2015,AQS,60550003,1,0.013,ppm,12,Napa,17,100,44201,Ozone,34900,"Napa, CA",6,California,55,Napa,38.310942,-122.296189
01/23/2015,AQS,60550003,1,0.01,ppm,9,Napa,17,100,44201,Ozone,34900,"Napa, CA",6,California,55,Napa,38.310942,-122.296189
01/24/2015,AQS,60550003,1,0.014,ppm,13,Napa,17,100,44201,Ozone,34900,"Napa, CA",6,California,55,Napa,38.310942,-122.296189
01/25/2015,AQS,60550003,1,0.014,ppm,13,Napa,17,100,44201,Ozone,34900,"Napa, CA",6,California,55,Napa,38.310942,-122.296189
01/26/2015,AQS,60550003,1,0.011,ppm,10,Napa,17,100,44201,Ozone,34900,"Napa, CA",6,California,55,Napa,38.310942,-122.296189
01/27/2015,AQS,60550003,1,0.019,ppm,18,Napa,17,100,44201,Ozone,34900,"Napa, CA",6,California,55,Napa,38.310942,-122.296189
01/28/2015,AQS,60550003,1,0.023,ppm,21,Napa,17,100,44201,Ozone,34900,"Napa, CA",6,California,55,Napa,38.310942,-122.296189
01/29/2015,AQS,60550003,1,0.022,ppm,20,Napa,17,100,44201,Ozone,34900,"Napa, CA",6,California,55,Napa,38.310942,-122.296189
01/30/2015,AQS,60550003,1,0.035,ppm,32,Napa,17,100,44201,Ozone,34900,"Napa, CA",6,California,55,Napa,38.310942,-122.296189
01/31/2015,AQS,60550003,1,0.038,ppm,35,Napa,17,100,44201,Ozone,34900,"Napa, CA",6,California,55,Napa,38.310942,-122.296189
02-01-2015,AQS,60550003,1,0.021,ppm,19,Napa,17,100,44201,Ozone,34900,"Napa, CA",6,California,55,Napa,38.310942,-122.296189
02-02-2015,AQS,60550003,1,0.025,ppm,23,Napa,17,100,44201,Ozone,34900,"Napa, CA",6,California,55,Napa,38.310942,-122.296189
02-03-2015,AQS,60550003,1,0.022,ppm,20,Napa,17,100,44201,Ozone,34900,"Napa, CA",6,California,55,Napa,38.310942,-122.296189
02-05-2015,AQS,60550003,1,0.029,ppm,27,Napa,13,76,44201,Ozone,34900,"Napa, CA",6,California,55,Napa,38.310942,-122.296189
02-06-2015,AQS,60550003,1,0.028,ppm,26,Napa,17,100,44201,Ozone,34900,"Napa, CA",6,California,55,Napa,38.310942,-122.296189
02-07-2015,AQS,60550003,1,0.032,ppm,30,Napa,17,100,44201,Ozone,34900,"Napa, CA",6,California,55,Napa,38.310942,-122.296189
02-08-2015,AQS,60550003,1,0.041,ppm,38,Napa,17,100,44201,Ozone,34900,"Napa, CA",6,California,55,Napa,38.310942,-122.296189
02-09-2015,AQS,60550003,1,0.035,ppm,32,Napa,17,100,44201,Ozone,34900,"Napa, CA",6,California,55,Napa,38.310942,-122.296189
02-10-2015,AQS,60550003,1,0.027,ppm,25,Napa,17,100,44201,Ozone,34900,"Napa, CA",6,California,55,Napa,38.310942,-122.296189
02-11-2015,AQS,60550003,1,0.02,ppm,19,Napa,17,100,44201,Ozone,34900,"Napa, CA",6,California,55,Napa,38.310942,-122.296189
02-12-2015,AQS,60550003,1,0.025,ppm,23,Napa,17,100,44201,Ozone,34900,"Napa, CA",6,California,55,Napa,38.310942,-122.296189
02/13/2015,AQS,60550003,1,0.031,ppm,29,Napa,17,100,44201,Ozone,34900,"Napa, CA",6,California,55,Napa,38.310942,-122.296189
02/14/2015,AQS,60550003,1,0.031,ppm,29,Napa,17,100,44201,Ozone,34900,"Napa, CA",6,California,55,Napa,38.310942,-122.296189
02/15/2015,AQS,60550003,1,0.032,ppm,30,Napa,17,100,44201,Ozone,34900,"Napa, CA",6,California,55,Napa,38.310942,-122.296189
02/16/2015,AQS,60550003,1,0.035,ppm,32,Napa,17,100,44201,Ozone,34900,"Napa, CA",6,California,55,Napa,38.310942,-122.296189
02/17/2015,AQS,60550003,1,0.03,ppm,28,Napa,17,100,44201,Ozone,34900,"Napa, CA",6,California,55,Napa,38.310942,-122.296189
02/18/2015,AQS,60550003,1,0.022,ppm,20,Napa,17,100,44201,Ozone,34900,"Napa, CA",6,California,55,Napa,38.310942,-122.296189
02/19/2015,AQS,60550003,1,0.018,ppm,17,Napa,17,100,44201,Ozone,34900,"Napa, CA",6,California,55,Napa,38.310942,-122.296189
02/20/2015,AQS,60550003,1,0.024,ppm,22,Napa,17,100,44201,Ozone,34900,"Napa, CA",6,California,55,Napa,38.310942,-122.296189
02/21/2015,AQS,60550003,1,0.032,ppm,30,Napa,17,100,44201,Ozone,34900,"Napa, CA",6,California,55,Napa,38.310942,-122.296189
02/22/2015,AQS,60550003,1,0.038,ppm,35,Napa,17,100,44201,Ozone,34900,"Napa, CA",6,California,55,Napa,38.310942,-122.296189
02/23/2015,AQS,60550003,1,0.041,ppm,38,Napa,17,100,44201,Ozone,34900,"Napa, CA",6,California,55,Napa,38.310942,-122.296189
02/24/2015,AQS,60550003,1,0.036,ppm,33,Napa,17,100,44201,Ozone,34900,"Napa, CA",6,California,55,Napa,38.310942,-122.296189
02/25/2015,AQS,60550003,1,0.033,ppm,31,Napa,17,100,44201,Ozone,34900,"Napa, CA",6,California,55,Napa,38.310942,-122.296189
02/26/2015,AQS,60550003,1,0.029,ppm,27,Napa,17,100,44201,Ozone,34900,"Napa, CA",6,California,55,Napa,38.310942,-122.296189
02/27/2015,AQS,60550003,1,0.037,ppm,34,Napa,17,100,44201,Ozone,34900,"Napa, CA",6,California,55,Napa,38.310942,-122.296189
02/28/2015,AQS,60550003,1,0.031,ppm,29,Napa,14,82,44201,Ozone,34900,"Napa, CA",6,California,55,Napa,38.310942,-122.296189
03-01-2015,AQS,60550003,1,0.031,ppm,29,Napa,17,100,44201,Ozone,34900,"Napa, CA",6,California,55,Napa,38.310942,-122.296189
03-02-2015,AQS,60550003,1,0.039,ppm,36,Napa,17,100,44201,Ozone,34900,"Napa, CA",6,California,55,Napa,38.310942,-122.296189
03-03-2015,AQS,60550003,1,0.036,ppm,33,Napa,17,100,44201,Ozone,34900,"Napa, CA",6,California,55,Napa,38.310942,-122.296189
03-04-2015,AQS,60550003,1,0.035,ppm,32,Napa,17,100,44201,Ozone,34900,"Napa, CA",6,California,55,Napa,38.310942,-122.296189
03-05-2015,AQS,60550003,1,0.045,ppm,42,Napa,17,100,44201,Ozone,34900,"Napa, CA",6,California,55,Napa,38.310942,-122.296189
03-06-2015,AQS,60550003,1,0.043,ppm,40,Napa,17,100,44201,Ozone,34900,"Napa, CA",6,California,55,Napa,38.310942,-122.296189
03-07-2015,AQS,60550003,1,0.045,ppm,42,Napa,17,100,44201,Ozone,34900,"Napa, CA",6,California,55,Napa,38.310942,-122.296189
03-08-2015,AQS,60550003,1,0.039,ppm,36,Napa,17,100,44201,Ozone,34900,"Napa, CA",6,California,55,Napa,38.310942,-122.296189
03-09-2015,AQS,60550003,1,0.029,ppm,27,Napa,17,100,44201,Ozone,34900,"Napa, CA",6,California,55,Napa,38.310942,-122.296189
03-10-2015,AQS,60550003,1,0.029,ppm,27,Napa,17,100,44201,Ozone,34900,"Napa, CA",6,California,55,Napa,38.310942,-122.296189
03-11-2015,AQS,60550003,1,0.038,ppm,35,Napa,17,100,44201,Ozone,34900,"Napa, CA",6,California,55,Napa,38.310942,-122.296189
03-12-2015,AQS,60550003,1,0.036,ppm,33,Napa,17,100,44201,Ozone,34900,"Napa, CA",6,California,55,Napa,38.310942,-122.296189
03/13/2015,AQS,60550003,1,0.042,ppm,39,Napa,17,100,44201,Ozone,34900,"Napa, CA",6,California,55,Napa,38.310942,-122.296189
03/14/2015,AQS,60550003,1,0.051,ppm,47,Napa,17,100,44201,Ozone,34900,"Napa, CA",6,California,55,Napa,38.310942,-122.296189
03/15/2015,AQS,60550003,1,0.043,ppm,40,Napa,17,100,44201,Ozone,34900,"Napa, CA",6,California,55,Napa,38.310942,-122.296189
03/16/2015,AQS,60550003,1,0.025,ppm,23,Napa,17,100,44201,Ozone,34900,"Napa, CA",6,California,55,Napa,38.310942,-122.296189
03/17/2015,AQS,60550003,1,0.037,ppm,34,Napa,17,100,44201,Ozone,34900,"Napa, CA",6,California,55,Napa,38.310942,-122.296189
03/18/2015,AQS,60550003,1,0.036,ppm,33,Napa,17,100,44201,Ozone,34900,"Napa, CA",6,California,55,Napa,38.310942,-122.296189
03/19/2015,AQS,60550003,1,0.035,ppm,32,Napa,17,100,44201,Ozone,34900,"Napa, CA",6,California,55,Napa,38.310942,-122.296189
03/20/2015,AQS,60550003,1,0.04,ppm,37,Napa,17,100,44201,Ozone,34900,"Napa, CA",6,California,55,Napa,38.310942,-122.296189
03/21/2015,AQS,60550003,1,0.04,ppm,37,Napa,17,100,44201,Ozone,34900,"Napa, CA",6,California,55,Napa,38.310942,-122.296189
03/22/2015,AQS,60550003,1,0.041,ppm,38,Napa,17,100,44201,Ozone,34900,"Napa, CA",6,California,55,Napa,38.310942,-122.296189
03/23/2015,AQS,60550003,1,0.045,ppm,42,Napa,17,100,44201,Ozone,34900,"Napa, CA",6,California,55,Napa,38.310942,-122.296189
03/24/2015,AQS,60550003,1,0.037,ppm,34,Napa,17,100,44201,Ozone,34900,"Napa, CA",6,California,55,Napa,38.310942,-122.296189
03/25/2015,AQS,60550003,1,0.033,ppm,31,Napa,17,100,44201,Ozone,34900,"Napa, CA",6,California,55,Napa,38.310942,-122.296189
03/26/2015,AQS,60550003,1,0.044,ppm,41,Napa,17,100,44201,Ozone,34900,"Napa, CA",6,California,55,Napa,38.310942,-122.296189
03/27/2015,AQS,60550003,1,0.028,ppm,26,Napa,17,100,44201,Ozone,34900,"Napa, CA",6,California,55,Napa,38.310942,-122.296189
03/28/2015,AQS,60550003,1,0.038,ppm,35,Napa,17,100,44201,Ozone,34900,"Napa, CA",6,California,55,Napa,38.310942,-122.296189
03/29/2015,AQS,60550003,1,0.038,ppm,35,Napa,17,100,44201,Ozone,34900,"Napa, CA",6,California,55,Napa,38.310942,-122.296189
03/30/2015,AQS,60550003,1,0.033,ppm,31,Napa,17,100,44201,Ozone,34900,"Napa, CA",6,California,55,Napa,38.310942,-122.296189
03/31/2015,AQS,60550003,1,0.049,ppm,45,Napa,17,100,44201,Ozone,34900,"Napa, CA",6,California,55,Napa,38.310942,-122.296189
04-01-2015,AQS,60550003,1,0.045,ppm,42,Napa,17,100,44201,Ozone,34900,"Napa, CA",6,California,55,Napa,38.310942,-122.296189
04-02-2015,AQS,60550003,1,0.048,ppm,44,Napa,17,100,44201,Ozone,34900,"Napa, CA",6,California,55,Napa,38.310942,-122.296189
04-03-2015,AQS,60550003,1,0.045,ppm,42,Napa,17,100,44201,Ozone,34900,"Napa, CA",6,California,55,Napa,38.310942,-122.296189
04-04-2015,AQS,60550003,1,0.045,ppm,42,Napa,17,100,44201,Ozone,34900,"Napa, CA",6,California,55,Napa,38.310942,-122.296189
04-05-2015,AQS,60550003,1,0.047,ppm,44,Napa,17,100,44201,Ozone,34900,"Napa, CA",6,California,55,Napa,38.310942,-122.296189
04-06-2015,AQS,60550003,1,0.047,ppm,44,Napa,17,100,44201,Ozone,34900,"Napa, CA",6,California,55,Napa,38.310942,-122.296189
04-07-2015,AQS,60550003,1,0.046,ppm,43,Napa,17,100,44201,Ozone,34900,"Napa, CA",6,California,55,Napa,38.310942,-122.296189
04-08-2015,AQS,60550003,1,0.043,ppm,40,Napa,17,100,44201,Ozone,34900,"Napa, CA",6,California,55,Napa,38.310942,-122.296189
04-10-2015,AQS,60550003,1,0.048,ppm,44,Napa,17,100,44201,Ozone,34900,"Napa, CA",6,California,55,Napa,38.310942,-122.296189
04-11-2015,AQS,60550003,1,0.039,ppm,36,Napa,17,100,44201,Ozone,34900,"Napa, CA",6,California,55,Napa,38.310942,-122.296189
04-12-2015,AQS,60550003,1,0.039,ppm,36,Napa,17,100,44201,Ozone,34900,"Napa, CA",6,California,55,Napa,38.310942,-122.296189
04/13/2015,AQS,60550003,1,0.045,ppm,42,Napa,17,100,44201,Ozone,34900,"Napa, CA",6,California,55,Napa,38.310942,-122.296189
04/14/2015,AQS,60550003,1,0.049,ppm,45,Napa,17,100,44201,Ozone,34900,"Napa, CA",6,California,55,Napa,38.310942,-122.296189
04/15/2015,AQS,60550003,1,0.051,ppm,47,Napa,17,100,44201,Ozone,34900,"Napa, CA",6,California,55,Napa,38.310942,-122.296189
04/16/2015,AQS,60550003,1,0.055,ppm,51,Napa,17,100,44201,Ozone,34900,"Napa, CA",6,California,55,Napa,38.310942,-122.296189
04/17/2015,AQS,60550003,1,0.051,ppm,47,Napa,17,100,44201,Ozone,34900,"Napa, CA",6,California,55,Napa,38.310942,-122.296189
04/18/2015,AQS,60550003,1,0.047,ppm,44,Napa,17,100,44201,Ozone,34900,"Napa, CA",6,California,55,Napa,38.310942,-122.296189
04/19/2015,AQS,60550003,1,0.038,ppm,35,Napa,17,100,44201,Ozone,34900,"Napa, CA",6,California,55,Napa,38.310942,-122.296189
04/20/2015,AQS,60550003,1,0.038,ppm,35,Napa,17,100,44201,Ozone,34900,"Napa, CA",6,California,55,Napa,38.310942,-122.296189
04/21/2015,AQS,60550003,1,0.035,ppm,32,Napa,17,100,44201,Ozone,34900,"Napa, CA",6,California,55,Napa,38.310942,-122.296189
04/22/2015,AQS,60550003,1,0.037,ppm,34,Napa,17,100,44201,Ozone,34900,"Napa, CA",6,California,55,Napa,38.310942,-122.296189
04/23/2015,AQS,60550003,1,0.039,ppm,36,Napa,17,100,44201,Ozone,34900,"Napa, CA",6,California,55,Napa,38.310942,-122.296189
04/24/2015,AQS,60550003,1,0.047,ppm,44,Napa,17,100,44201,Ozone,34900,"Napa, CA",6,California,55,Napa,38.310942,-122.296189
04/25/2015,AQS,60550003,1,0.036,ppm,33,Napa,17,100,44201,Ozone,34900,"Napa, CA",6,California,55,Napa,38.310942,-122.296189
04/26/2015,AQS,60550003,1,0.042,ppm,39,Napa,17,100,44201,Ozone,34900,"Napa, CA",6,California,55,Napa,38.310942,-122.296189
04/27/2015,AQS,60550003,1,0.036,ppm,33,Napa,17,100,44201,Ozone,34900,"Napa, CA",6,California,55,Napa,38.310942,-122.296189
04/28/2015,AQS,60550003,1,0.027,ppm,25,Napa,17,100,44201,Ozone,34900,"Napa, CA",6,California,55,Napa,38.310942,-122.296189
04/29/2015,AQS,60550003,1,0.037,ppm,34,Napa,17,100,44201,Ozone,34900,"Napa, CA",6,California,55,Napa,38.310942,-122.296189
04/30/2015,AQS,60550003,1,0.054,ppm,50,Napa,17,100,44201,Ozone,34900,"Napa, CA",6,California,55,Napa,38.310942,-122.296189
05-01-2015,AQS,60550003,1,0.054,ppm,50,Napa,17,100,44201,Ozone,34900,"Napa, CA",6,California,55,Napa,38.310942,-122.296189
05-02-2015,AQS,60550003,1,0.047,ppm,44,Napa,17,100,44201,Ozone,34900,"Napa, CA",6,California,55,Napa,38.310942,-122.296189
05-03-2015,AQS,60550003,1,0.043,ppm,40,Napa,17,100,44201,Ozone,34900,"Napa, CA",6,California,55,Napa,38.310942,-122.296189
05-04-2015,AQS,60550003,1,0.04,ppm,37,Napa,17,100,44201,Ozone,34900,"Napa, CA",6,California,55,Napa,38.310942,-122.296189
05-05-2015,AQS,60550003,1,0.039,ppm,36,Napa,17,100,44201,Ozone,34900,"Napa, CA",6,California,55,Napa,38.310942,-122.296189
05-06-2015,AQS,60550003,1,0.04,ppm,37,Napa,17,100,44201,Ozone,34900,"Napa, CA",6,California,55,Napa,38.310942,-122.296189
05-07-2015,AQS,60550003,1,0.047,ppm,44,Napa,17,100,44201,Ozone,34900,"Napa, CA",6,California,55,Napa,38.310942,-122.296189
05-08-2015,AQS,60550003,1,0.044,ppm,41,Napa,17,100,44201,Ozone,34900,"Napa, CA",6,California,55,Napa,38.310942,-122.296189
05-09-2015,AQS,60550003,1,0.042,ppm,39,Napa,17,100,44201,Ozone,34900,"Napa, CA",6,California,55,Napa,38.310942,-122.296189
05-10-2015,AQS,60550003,1,0.04,ppm,37,Napa,17,100,44201,Ozone,34900,"Napa, CA",6,California,55,Napa,38.310942,-122.296189
05-11-2015,AQS,60550003,1,0.038,ppm,35,Napa,17,100,44201,Ozone,34900,"Napa, CA",6,California,55,Napa,38.310942,-122.296189
05-12-2015,AQS,60550003,1,0.045,ppm,42,Napa,17,100,44201,Ozone,34900,"Napa, CA",6,California,55,Napa,38.310942,-122.296189
05/13/2015,AQS,60550003,1,0.044,ppm,41,Napa,17,100,44201,Ozone,34900,"Napa, CA",6,California,55,Napa,38.310942,-122.296189
05/14/2015,AQS,60550003,1,0.049,ppm,45,Napa,17,100,44201,Ozone,34900,"Napa, CA",6,California,55,Napa,38.310942,-122.296189
05/15/2015,AQS,60550003,1,0.04,ppm,37,Napa,17,100,44201,Ozone,34900,"Napa, CA",6,California,55,Napa,38.310942,-122.296189
05/16/2015,AQS,60550003,1,0.04,ppm,37,Napa,17,100,44201,Ozone,34900,"Napa, CA",6,California,55,Napa,38.310942,-122.296189
05/17/2015,AQS,60550003,1,0.037,ppm,34,Napa,17,100,44201,Ozone,34900,"Napa, CA",6,California,55,Napa,38.310942,-122.296189
05/18/2015,AQS,60550003,1,0.036,ppm,33,Napa,17,100,44201,Ozone,34900,"Napa, CA",6,California,55,Napa,38.310942,-122.296189
05/19/2015,AQS,60550003,1,0.035,ppm,32,Napa,17,100,44201,Ozone,34900,"Napa, CA",6,California,55,Napa,38.310942,-122.296189
05/20/2015,AQS,60550003,1,0.035,ppm,32,Napa,17,100,44201,Ozone,34900,"Napa, CA",6,California,55,Napa,38.310942,-122.296189
05/21/2015,AQS,60550003,1,0.038,ppm,35,Napa,17,100,44201,Ozone,34900,"Napa, CA",6,California,55,Napa,38.310942,-122.296189
05/22/2015,AQS,60550003,1,0.036,ppm,33,Napa,17,100,44201,Ozone,34900,"Napa, CA",6,California,55,Napa,38.310942,-122.296189
05/23/2015,AQS,60550003,1,0.037,ppm,34,Napa,17,100,44201,Ozone,34900,"Napa, CA",6,California,55,Napa,38.310942,-122.296189
05/24/2015,AQS,60550003,1,0.038,ppm,35,Napa,17,100,44201,Ozone,34900,"Napa, CA",6,California,55,Napa,38.310942,-122.296189
05/25/2015,AQS,60550003,1,0.033,ppm,31,Napa,17,100,44201,Ozone,34900,"Napa, CA",6,California,55,Napa,38.310942,-122.296189
05/26/2015,AQS,60550003,1,0.036,ppm,33,Napa,17,100,44201,Ozone,34900,"Napa, CA",6,California,55,Napa,38.310942,-122.296189
05/27/2015,AQS,60550003,1,0.031,ppm,29,Napa,17,100,44201,Ozone,34900,"Napa, CA",6,California,55,Napa,38.310942,-122.296189
05/28/2015,AQS,60550003,1,0.032,ppm,30,Napa,17,100,44201,Ozone,34900,"Napa, CA",6,California,55,Napa,38.310942,-122.296189
05/29/2015,AQS,60550003,1,0.032,ppm,30,Napa,17,100,44201,Ozone,34900,"Napa, CA",6,California,55,Napa,38.310942,-122.296189
05/30/2015,AQS,60550003,1,0.036,ppm,33,Napa,17,100,44201,Ozone,34900,"Napa, CA",6,California,55,Napa,38.310942,-122.296189
05/31/2015,AQS,60550003,1,0.041,ppm,38,Napa,17,100,44201,Ozone,34900,"Napa, CA",6,California,55,Napa,38.310942,-122.296189
06-01-2015,AQS,60550003,1,0.033,ppm,31,Napa,17,100,44201,Ozone,34900,"Napa, CA",6,California,55,Napa,38.310942,-122.296189
06-02-2015,AQS,60550003,1,0.031,ppm,29,Napa,17,100,44201,Ozone,34900,"Napa, CA",6,California,55,Napa,38.310942,-122.296189
06-03-2015,AQS,60550003,1,0.032,ppm,30,Napa,17,100,44201,Ozone,34900,"Napa, CA",6,California,55,Napa,38.310942,-122.296189
06-04-2015,AQS,60550003,1,0.035,ppm,32,Napa,17,100,44201,Ozone,34900,"Napa, CA",6,California,55,Napa,38.310942,-122.296189
06-05-2015,AQS,60550003,1,0.035,ppm,32,Napa,17,100,44201,Ozone,34900,"Napa, CA",6,California,55,Napa,38.310942,-122.296189
06-06-2015,AQS,60550003,1,0.033,ppm,31,Napa,17,100,44201,Ozone,34900,"Napa, CA",6,California,55,Napa,38.310942,-122.296189
06-07-2015,AQS,60550003,1,0.038,ppm,35,Napa,17,100,44201,Ozone,34900,"Napa, CA",6,California,55,Napa,38.310942,-122.296189
06-08-2015,AQS,60550003,1,0.062,ppm,74,Napa,17,100,44201,Ozone,34900,"Napa, CA",6,California,55,Napa,38.310942,-122.296189
06-09-2015,AQS,60550003,1,0.039,ppm,36,Napa,17,100,44201,Ozone,34900,"Napa, CA",6,California,55,Napa,38.310942,-122.296189
06-10-2015,AQS,60550003,1,0.032,ppm,30,Napa,17,100,44201,Ozone,34900,"Napa, CA",6,California,55,Napa,38.310942,-122.296189
06-11-2015,AQS,60550003,1,0.049,ppm,45,Napa,17,100,44201,Ozone,34900,"Napa, CA",6,California,55,Napa,38.310942,-122.296189
06-12-2015,AQS,60550003,1,0.044,ppm,41,Napa,17,100,44201,Ozone,34900,"Napa, CA",6,California,55,Napa,38.310942,-122.296189
06/13/2015,AQS,60550003,1,0.034,ppm,31,Napa,17,100,44201,Ozone,34900,"Napa, CA",6,California,55,Napa,38.310942,-122.296189
06/14/2015,AQS,60550003,1,0.034,ppm,31,Napa,17,100,44201,Ozone,34900,"Napa, CA",6,California,55,Napa,38.310942,-122.296189
06/15/2015,AQS,60550003,1,0.033,ppm,31,Napa,17,100,44201,Ozone,34900,"Napa, CA",6,California,55,Napa,38.310942,-122.296189
06/16/2015,AQS,60550003,1,0.038,ppm,35,Napa,17,100,44201,Ozone,34900,"Napa, CA",6,California,55,Napa,38.310942,-122.296189
06/17/2015,AQS,60550003,1,0.04,ppm,37,Napa,17,100,44201,Ozone,34900,"Napa, CA",6,California,55,Napa,38.310942,-122.296189
06/18/2015,AQS,60550003,1,0.037,ppm,34,Napa,17,100,44201,Ozone,34900,"Napa, CA",6,California,55,Napa,38.310942,-122.296189
06/19/2015,AQS,60550003,1,0.034,ppm,31,Napa,15,88,44201,Ozone,34900,"Napa, CA",6,California,55,Napa,38.310942,-122.296189
06/20/2015,AQS,60550003,1,0.037,ppm,34,Napa,17,100,44201,Ozone,34900,"Napa, CA",6,California,55,Napa,38.310942,-122.296189
06/21/2015,AQS,60550003,1,0.036,ppm,33,Napa,17,100,44201,Ozone,34900,"Napa, CA",6,California,55,Napa,38.310942,-122.296189
06/22/2015,AQS,60550003,1,0.035,ppm,32,Napa,17,100,44201,Ozone,34900,"Napa, CA",6,California,55,Napa,38.310942,-122.296189
06/23/2015,AQS,60550003,1,0.037,ppm,34,Napa,17,100,44201,Ozone,34900,"Napa, CA",6,California,55,Napa,38.310942,-122.296189
06/24/2015,AQS,60550003,1,0.038,ppm,35,Napa,17,100,44201,Ozone,34900,"Napa, CA",6,California,55,Napa,38.310942,-122.296189
06/25/2015,AQS,60550003,1,0.043,ppm,40,Napa,17,100,44201,Ozone,34900,"Napa, CA",6,California,55,Napa,38.310942,-122.296189
06/26/2015,AQS,60550003,1,0.044,ppm,41,Napa,17,100,44201,Ozone,34900,"Napa, CA",6,California,55,Napa,38.310942,-122.296189
06/27/2015,AQS,60550003,1,0.028,ppm,26,Napa,17,100,44201,Ozone,34900,"Napa, CA",6,California,55,Napa,38.310942,-122.296189
06/28/2015,AQS,60550003,1,0.029,ppm,27,Napa,17,100,44201,Ozone,34900,"Napa, CA",6,California,55,Napa,38.310942,-122.296189
06/29/2015,AQS,60550003,1,0.036,ppm,33,Napa,17,100,44201,Ozone,34900,"Napa, CA",6,California,55,Napa,38.310942,-122.296189
06/30/2015,AQS,60550003,1,0.047,ppm,44,Napa,17,100,44201,Ozone,34900,"Napa, CA",6,California,55,Napa,38.310942,-122.296189
07-01-2015,AQS,60550003,1,0.043,ppm,40,Napa,17,100,44201,Ozone,34900,"Napa, CA",6,California,55,Napa,38.310942,-122.296189
07-02-2015,AQS,60550003,1,0.026,ppm,24,Napa,17,100,44201,Ozone,34900,"Napa, CA",6,California,55,Napa,38.310942,-122.296189
07-03-2015,AQS,60550003,1,0.035,ppm,32,Napa,17,100,44201,Ozone,34900,"Napa, CA",6,California,55,Napa,38.310942,-122.296189
07-04-2015,AQS,60550003,1,0.031,ppm,29,Napa,17,100,44201,Ozone,34900,"Napa, CA",6,California,55,Napa,38.310942,-122.296189
07-05-2015,AQS,60550003,1,0.03,ppm,28,Napa,17,100,44201,Ozone,34900,"Napa, CA",6,California,55,Napa,38.310942,-122.296189
07-06-2015,AQS,60550003,1,0.031,ppm,29,Napa,17,100,44201,Ozone,34900,"Napa, CA",6,California,55,Napa,38.310942,-122.296189
07-07-2015,AQS,60550003,1,0.027,ppm,25,Napa,17,100,44201,Ozone,34900,"Napa, CA",6,California,55,Napa,38.310942,-122.296189
07-08-2015,AQS,60550003,1,0.025,ppm,23,Napa,17,100,44201,Ozone,34900,"Napa, CA",6,California,55,Napa,38.310942,-122.296189
07-09-2015,AQS,60550003,1,0.029,ppm,27,Napa,17,100,44201,Ozone,34900,"Napa, CA",6,California,55,Napa,38.310942,-122.296189
07-10-2015,AQS,60550003,1,0.028,ppm,26,Napa,17,100,44201,Ozone,34900,"Napa, CA",6,California,55,Napa,38.310942,-122.296189
07-11-2015,AQS,60550003,1,0.029,ppm,27,Napa,17,100,44201,Ozone,34900,"Napa, CA",6,California,55,Napa,38.310942,-122.296189
07-12-2015,AQS,60550003,1,0.027,ppm,25,Napa,17,100,44201,Ozone,34900,"Napa, CA",6,California,55,Napa,38.310942,-122.296189
07/13/2015,AQS,60550003,1,0.025,ppm,23,Napa,17,100,44201,Ozone,34900,"Napa, CA",6,California,55,Napa,38.310942,-122.296189
07/14/2015,AQS,60550003,1,0.026,ppm,24,Napa,17,100,44201,Ozone,34900,"Napa, CA",6,California,55,Napa,38.310942,-122.296189
07/15/2015,AQS,60550003,1,0.036,ppm,33,Napa,17,100,44201,Ozone,34900,"Napa, CA",6,California,55,Napa,38.310942,-122.296189
07/16/2015,AQS,60550003,1,0.031,ppm,29,Napa,17,100,44201,Ozone,34900,"Napa, CA",6,California,55,Napa,38.310942,-122.296189
07/17/2015,AQS,60550003,1,0.038,ppm,35,Napa,17,100,44201,Ozone,34900,"Napa, CA",6,California,55,Napa,38.310942,-122.296189
07/18/2015,AQS,60550003,1,0.039,ppm,36,Napa,17,100,44201,Ozone,34900,"Napa, CA",6,California,55,Napa,38.310942,-122.296189
07/19/2015,AQS,60550003,1,0.034,ppm,31,Napa,17,100,44201,Ozone,34900,"Napa, CA",6,California,55,Napa,38.310942,-122.296189
07/20/2015,AQS,60550003,1,0.025,ppm,23,Napa,17,100,44201,Ozone,34900,"Napa, CA",6,California,55,Napa,38.310942,-122.296189
07/21/2015,AQS,60550003,1,0.024,ppm,22,Napa,17,100,44201,Ozone,34900,"Napa, CA",6,California,55,Napa,38.310942,-122.296189
07/22/2015,AQS,60550003,1,0.028,ppm,26,Napa,17,100,44201,Ozone,34900,"Napa, CA",6,California,55,Napa,38.310942,-122.296189
07/23/2015,AQS,60550003,1,0.028,ppm,26,Napa,17,100,44201,Ozone,34900,"Napa, CA",6,California,55,Napa,38.310942,-122.296189
07/24/2015,AQS,60550003,1,0.032,ppm,30,Napa,17,100,44201,Ozone,34900,"Napa, CA",6,California,55,Napa,38.310942,-122.296189
07/25/2015,AQS,60550003,1,0.026,ppm,24,Napa,17,100,44201,Ozone,34900,"Napa, CA",6,California,55,Napa,38.310942,-122.296189
07/26/2015,AQS,60550003,1,0.026,ppm,24,Napa,17,100,44201,Ozone,34900,"Napa, CA",6,California,55,Napa,38.310942,-122.296189
07/27/2015,AQS,60550003,1,0.042,ppm,39,Napa,17,100,44201,Ozone,34900,"Napa, CA",6,California,55,Napa,38.310942,-122.296189
07/28/2015,AQS,60550003,1,0.043,ppm,40,Napa,17,100,44201,Ozone,34900,"Napa, CA",6,California,55,Napa,38.310942,-122.296189
07/29/2015,AQS,60550003,1,0.039,ppm,36,Napa,17,100,44201,Ozone,34900,"Napa, CA",6,California,55,Napa,38.310942,-122.296189
07/30/2015,AQS,60550003,1,0.036,ppm,33,Napa,17,100,44201,Ozone,34900,"Napa, CA",6,California,55,Napa,38.310942,-122.296189
07/31/2015,AQS,60550003,1,0.027,ppm,25,Napa,17,100,44201,Ozone,34900,"Napa, CA",6,California,55,Napa,38.310942,-122.296189
08-01-2015,AQS,60550003,1,0.033,ppm,31,Napa,17,100,44201,Ozone,34900,"Napa, CA",6,California,55,Napa,38.310942,-122.296189
08-02-2015,AQS,60550003,1,0.027,ppm,25,Napa,17,100,44201,Ozone,34900,"Napa, CA",6,California,55,Napa,38.310942,-122.296189
08-03-2015,AQS,60550003,1,0.029,ppm,27,Napa,17,100,44201,Ozone,34900,"Napa, CA",6,California,55,Napa,38.310942,-122.296189
08-04-2015,AQS,60550003,1,0.027,ppm,25,Napa,17,100,44201,Ozone,34900,"Napa, CA",6,California,55,Napa,38.310942,-122.296189
08-05-2015,AQS,60550003,1,0.04,ppm,37,Napa,17,100,44201,Ozone,34900,"Napa, CA",6,California,55,Napa,38.310942,-122.296189
08-06-2015,AQS,60550003,1,0.032,ppm,30,Napa,17,100,44201,Ozone,34900,"Napa, CA",6,California,55,Napa,38.310942,-122.296189
08-07-2015,AQS,60550003,1,0.033,ppm,31,Napa,17,100,44201,Ozone,34900,"Napa, CA",6,California,55,Napa,38.310942,-122.296189
08-08-2015,AQS,60550003,1,0.03,ppm,28,Napa,17,100,44201,Ozone,34900,"Napa, CA",6,California,55,Napa,38.310942,-122.296189
08-09-2015,AQS,60550003,1,0.025,ppm,23,Napa,17,100,44201,Ozone,34900,"Napa, CA",6,California,55,Napa,38.310942,-122.296189
08-10-2015,AQS,60550003,1,0.024,ppm,22,Napa,17,100,44201,Ozone,34900,"Napa, CA",6,California,55,Napa,38.310942,-122.296189
08-11-2015,AQS,60550003,1,0.026,ppm,24,Napa,17,100,44201,Ozone,34900,"Napa, CA",6,California,55,Napa,38.310942,-122.296189
08-12-2015,AQS,60550003,1,0.027,ppm,25,Napa,17,100,44201,Ozone,34900,"Napa, CA",6,California,55,Napa,38.310942,-122.296189
08/13/2015,AQS,60550003,1,0.03,ppm,28,Napa,17,100,44201,Ozone,34900,"Napa, CA",6,California,55,Napa,38.310942,-122.296189
08/14/2015,AQS,60550003,1,0.03,ppm,28,Napa,17,100,44201,Ozone,34900,"Napa, CA",6,California,55,Napa,38.310942,-122.296189
08/15/2015,AQS,60550003,1,0.057,ppm,58,Napa,17,100,44201,Ozone,34900,"Napa, CA",6,California,55,Napa,38.310942,-122.296189
08/16/2015,AQS,60550003,1,0.066,ppm,87,Napa,17,100,44201,Ozone,34900,"Napa, CA",6,California,55,Napa,38.310942,-122.296189
08/17/2015,AQS,60550003,1,0.056,ppm,54,Napa,17,100,44201,Ozone,34900,"Napa, CA",6,California,55,Napa,38.310942,-122.296189
08/19/2015,AQS,60550003,1,0.04,ppm,37,Napa,17,100,44201,Ozone,34900,"Napa, CA",6,California,55,Napa,38.310942,-122.296189
08/20/2015,AQS,60550003,1,0.036,ppm,33,Napa,17,100,44201,Ozone,34900,"Napa, CA",6,California,55,Napa,38.310942,-122.296189
08/21/2015,AQS,60550003,1,0.03,ppm,28,Napa,17,100,44201,Ozone,34900,"Napa, CA",6,California,55,Napa,38.310942,-122.296189
08/22/2015,AQS,60550003,1,0.034,ppm,31,Napa,17,100,44201,Ozone,34900,"Napa, CA",6,California,55,Napa,38.310942,-122.296189
08/23/2015,AQS,60550003,1,0.036,ppm,33,Napa,17,100,44201,Ozone,34900,"Napa, CA",6,California,55,Napa,38.310942,-122.296189
08/24/2015,AQS,60550003,1,0.04,ppm,37,Napa,17,100,44201,Ozone,34900,"Napa, CA",6,California,55,Napa,38.310942,-122.296189
08/25/2015,AQS,60550003,1,0.046,ppm,43,Napa,17,100,44201,Ozone,34900,"Napa, CA",6,California,55,Napa,38.310942,-122.296189
08/26/2015,AQS,60550003,1,0.045,ppm,42,Napa,17,100,44201,Ozone,34900,"Napa, CA",6,California,55,Napa,38.310942,-122.296189
08/27/2015,AQS,60550003,1,0.036,ppm,33,Napa,17,100,44201,Ozone,34900,"Napa, CA",6,California,55,Napa,38.310942,-122.296189
08/28/2015,AQS,60550003,1,0.028,ppm,26,Napa,17,100,44201,Ozone,34900,"Napa, CA",6,California,55,Napa,38.310942,-122.296189
08/29/2015,AQS,60550003,1,0.033,ppm,31,Napa,17,100,44201,Ozone,34900,"Napa, CA",6,California,55,Napa,38.310942,-122.296189
08/30/2015,AQS,60550003,1,0.031,ppm,29,Napa,17,100,44201,Ozone,34900,"Napa, CA",6,California,55,Napa,38.310942,-122.296189
08/31/2015,AQS,60550003,1,0.036,ppm,33,Napa,14,82,44201,Ozone,34900,"Napa, CA",6,California,55,Napa,38.310942,-122.296189
09-01-2015,AQS,60550003,1,0.033,ppm,31,Napa,17,100,44201,Ozone,34900,"Napa, CA",6,California,55,Napa,38.310942,-122.296189
09-02-2015,AQS,60550003,1,0.03,ppm,28,Napa,17,100,44201,Ozone,34900,"Napa, CA",6,California,55,Napa,38.310942,-122.296189
09-03-2015,AQS,60550003,1,0.035,ppm,32,Napa,17,100,44201,Ozone,34900,"Napa, CA",6,California,55,Napa,38.310942,-122.296189
09-04-2015,AQS,60550003,1,0.029,ppm,27,Napa,17,100,44201,Ozone,34900,"Napa, CA",6,California,55,Napa,38.310942,-122.296189
09-05-2015,AQS,60550003,1,0.037,ppm,34,Napa,17,100,44201,Ozone,34900,"Napa, CA",6,California,55,Napa,38.310942,-122.296189
09-06-2015,AQS,60550003,1,0.041,ppm,38,Napa,17,100,44201,Ozone,34900,"Napa, CA",6,California,55,Napa,38.310942,-122.296189
09-07-2015,AQS,60550003,1,0.059,ppm,64,Napa,17,100,44201,Ozone,34900,"Napa, CA",6,California,55,Napa,38.310942,-122.296189
09-08-2015,AQS,60550003,1,0.067,ppm,90,Napa,17,100,44201,Ozone,34900,"Napa, CA",6,California,55,Napa,38.310942,-122.296189
09-09-2015,AQS,60550003,1,0.064,ppm,80,Napa,17,100,44201,Ozone,34900,"Napa, CA",6,California,55,Napa,38.310942,-122.296189
09-11-2015,AQS,60550003,1,0.044,ppm,41,Napa,17,100,44201,Ozone,34900,"Napa, CA",6,California,55,Napa,38.310942,-122.296189
09-12-2015,AQS,60550003,1,0.03,ppm,28,Napa,17,100,44201,Ozone,34900,"Napa, CA",6,California,55,Napa,38.310942,-122.296189
09/13/2015,AQS,60550003,1,0.038,ppm,35,Napa,17,100,44201,Ozone,34900,"Napa, CA",6,California,55,Napa,38.310942,-122.296189
09/14/2015,AQS,60550003,1,0.029,ppm,27,Napa,17,100,44201,Ozone,34900,"Napa, CA",6,California,55,Napa,38.310942,-122.296189
09/15/2015,AQS,60550003,1,0.034,ppm,31,Napa,17,100,44201,Ozone,34900,"Napa, CA",6,California,55,Napa,38.310942,-122.296189
09/18/2015,AQS,60550003,1,0.04,ppm,37,Napa,17,100,44201,Ozone,34900,"Napa, CA",6,California,55,Napa,38.310942,-122.296189
09/19/2015,AQS,60550003,1,0.065,ppm,84,Napa,17,100,44201,Ozone,34900,"Napa, CA",6,California,55,Napa,38.310942,-122.296189
09/20/2015,AQS,60550003,1,0.069,ppm,97,Napa,17,100,44201,Ozone,34900,"Napa, CA",6,California,55,Napa,38.310942,-122.296189
09/21/2015,AQS,60550003,1,0.067,ppm,90,Napa,17,100,44201,Ozone,34900,"Napa, CA",6,California,55,Napa,38.310942,-122.296189
09/22/2015,AQS,60550003,1,0.03,ppm,28,Napa,17,100,44201,Ozone,34900,"Napa, CA",6,California,55,Napa,38.310942,-122.296189
09/23/2015,AQS,60550003,1,0.038,ppm,35,Napa,17,100,44201,Ozone,34900,"Napa, CA",6,California,55,Napa,38.310942,-122.296189
09/24/2015,AQS,60550003,1,0.049,ppm,45,Napa,17,100,44201,Ozone,34900,"Napa, CA",6,California,55,Napa,38.310942,-122.296189
09/25/2015,AQS,60550003,1,0.033,ppm,31,Napa,17,100,44201,Ozone,34900,"Napa, CA",6,California,55,Napa,38.310942,-122.296189
09/26/2015,AQS,60550003,1,0.031,ppm,29,Napa,17,100,44201,Ozone,34900,"Napa, CA",6,California,55,Napa,38.310942,-122.296189
09/27/2015,AQS,60550003,1,0.033,ppm,31,Napa,17,100,44201,Ozone,34900,"Napa, CA",6,California,55,Napa,38.310942,-122.296189
09/28/2015,AQS,60550003,1,0.035,ppm,32,Napa,17,100,44201,Ozone,34900,"Napa, CA",6,California,55,Napa,38.310942,-122.296189
09/29/2015,AQS,60550003,1,0.038,ppm,35,Napa,17,100,44201,Ozone,34900,"Napa, CA",6,California,55,Napa,38.310942,-122.296189
09/30/2015,AQS,60550003,1,0.023,ppm,21,Napa,17,100,44201,Ozone,34900,"Napa, CA",6,California,55,Napa,38.310942,-122.296189
10-01-2015,AQS,60550003,1,0.027,ppm,25,Napa,17,100,44201,Ozone,34900,"Napa, CA",6,California,55,Napa,38.310942,-122.296189
10-02-2015,AQS,60550003,1,0.032,ppm,30,Napa,17,100,44201,Ozone,34900,"Napa, CA",6,California,55,Napa,38.310942,-122.296189
10-03-2015,AQS,60550003,1,0.036,ppm,33,Napa,17,100,44201,Ozone,34900,"Napa, CA",6,California,55,Napa,38.310942,-122.296189
10-04-2015,AQS,60550003,1,0.044,ppm,41,Napa,17,100,44201,Ozone,34900,"Napa, CA",6,California,55,Napa,38.310942,-122.296189
10-05-2015,AQS,60550003,1,0.041,ppm,38,Napa,17,100,44201,Ozone,34900,"Napa, CA",6,California,55,Napa,38.310942,-122.296189
10-06-2015,AQS,60550003,1,0.04,ppm,37,Napa,17,100,44201,Ozone,34900,"Napa, CA",6,California,55,Napa,38.310942,-122.296189
10-07-2015,AQS,60550003,1,0.039,ppm,36,Napa,17,100,44201,Ozone,34900,"Napa, CA",6,California,55,Napa,38.310942,-122.296189
10-08-2015,AQS,60550003,1,0.052,ppm,48,Napa,17,100,44201,Ozone,34900,"Napa, CA",6,California,55,Napa,38.310942,-122.296189
10-09-2015,AQS,60550003,1,0.042,ppm,39,Napa,17,100,44201,Ozone,34900,"Napa, CA",6,California,55,Napa,38.310942,-122.296189
10-10-2015,AQS,60550003,1,0.027,ppm,25,Napa,17,100,44201,Ozone,34900,"Napa, CA",6,California,55,Napa,38.310942,-122.296189
10-11-2015,AQS,60550003,1,0.033,ppm,31,Napa,17,100,44201,Ozone,34900,"Napa, CA",6,California,55,Napa,38.310942,-122.296189
10-12-2015,AQS,60550003,1,0.053,ppm,49,Napa,17,100,44201,Ozone,34900,"Napa, CA",6,California,55,Napa,38.310942,-122.296189
10/13/2015,AQS,60550003,1,0.061,ppm,71,Napa,17,100,44201,Ozone,34900,"Napa, CA",6,California,55,Napa,38.310942,-122.296189
10/14/2015,AQS,60550003,1,0.049,ppm,45,Napa,17,100,44201,Ozone,34900,"Napa, CA",6,California,55,Napa,38.310942,-122.296189
10/15/2015,AQS,60550003,1,0.038,ppm,35,Napa,17,100,44201,Ozone,34900,"Napa, CA",6,California,55,Napa,38.310942,-122.296189
10/16/2015,AQS,60550003,1,0.035,ppm,32,Napa,17,100,44201,Ozone,34900,"Napa, CA",6,California,55,Napa,38.310942,-122.296189
10/17/2015,AQS,60550003,1,0.035,ppm,32,Napa,17,100,44201,Ozone,34900,"Napa, CA",6,California,55,Napa,38.310942,-122.296189
10/18/2015,AQS,60550003,1,0.036,ppm,33,Napa,17,100,44201,Ozone,34900,"Napa, CA",6,California,55,Napa,38.310942,-122.296189
10/19/2015,AQS,60550003,1,0.031,ppm,29,Napa,17,100,44201,Ozone,34900,"Napa, CA",6,California,55,Napa,38.310942,-122.296189
10/20/2015,AQS,60550003,1,0.037,ppm,34,Napa,17,100,44201,Ozone,34900,"Napa, CA",6,California,55,Napa,38.310942,-122.296189
10/21/2015,AQS,60550003,1,0.039,ppm,36,Napa,17,100,44201,Ozone,34900,"Napa, CA",6,California,55,Napa,38.310942,-122.296189
10/22/2015,AQS,60550003,1,0.048,ppm,44,Napa,17,100,44201,Ozone,34900,"Napa, CA",6,California,55,Napa,38.310942,-122.296189
10/23/2015,AQS,60550003,1,0.032,ppm,30,Napa,17,100,44201,Ozone,34900,"Napa, CA",6,California,55,Napa,38.310942,-122.296189
10/24/2015,AQS,60550003,1,0.041,ppm,38,Napa,17,100,44201,Ozone,34900,"Napa, CA",6,California,55,Napa,38.310942,-122.296189
10/25/2015,AQS,60550003,1,0.034,ppm,31,Napa,17,100,44201,Ozone,34900,"Napa, CA",6,California,55,Napa,38.310942,-122.296189
10/26/2015,AQS,60550003,1,0.033,ppm,31,Napa,17,100,44201,Ozone,34900,"Napa, CA",6,California,55,Napa,38.310942,-122.296189
10/27/2015,AQS,60550003,1,0.019,ppm,18,Napa,17,100,44201,Ozone,34900,"Napa, CA",6,California,55,Napa,38.310942,-122.296189
10/28/2015,AQS,60550003,1,0.034,ppm,31,Napa,17,100,44201,Ozone,34900,"Napa, CA",6,California,55,Napa,38.310942,-122.296189
10/29/2015,AQS,60550003,1,0.04,ppm,37,Napa,17,100,44201,Ozone,34900,"Napa, CA",6,California,55,Napa,38.310942,-122.296189
10/30/2015,AQS,60550003,1,0.032,ppm,30,Napa,17,100,44201,Ozone,34900,"Napa, CA",6,California,55,Napa,38.310942,-122.296189
10/31/2015,AQS,60550003,1,0.027,ppm,25,Napa,17,100,44201,Ozone,34900,"Napa, CA",6,California,55,Napa,38.310942,-122.296189
11-01-2015,AQS,60550003,1,0.032,ppm,30,Napa,17,100,44201,Ozone,34900,"Napa, CA",6,California,55,Napa,38.310942,-122.296189
11-02-2015,AQS,60550003,1,0.026,ppm,24,Napa,17,100,44201,Ozone,34900,"Napa, CA",6,California,55,Napa,38.310942,-122.296189
11-03-2015,AQS,60550003,1,0.032,ppm,30,Napa,17,100,44201,Ozone,34900,"Napa, CA",6,California,55,Napa,38.310942,-122.296189
11-04-2015,AQS,60550003,1,0.038,ppm,35,Napa,17,100,44201,Ozone,34900,"Napa, CA",6,California,55,Napa,38.310942,-122.296189
11-05-2015,AQS,60550003,1,0.027,ppm,25,Napa,17,100,44201,Ozone,34900,"Napa, CA",6,California,55,Napa,38.310942,-122.296189
11-06-2015,AQS,60550003,1,0.029,ppm,27,Napa,17,100,44201,Ozone,34900,"Napa, CA",6,California,55,Napa,38.310942,-122.296189
11-07-2015,AQS,60550003,1,0.034,ppm,31,Napa,17,100,44201,Ozone,34900,"Napa, CA",6,California,55,Napa,38.310942,-122.296189
11-08-2015,AQS,60550003,1,0.029,ppm,27,Napa,17,100,44201,Ozone,34900,"Napa, CA",6,California,55,Napa,38.310942,-122.296189
11-09-2015,AQS,60550003,1,0.035,ppm,32,Napa,17,100,44201,Ozone,34900,"Napa, CA",6,California,55,Napa,38.310942,-122.296189
11-10-2015,AQS,60550003,1,0.03,ppm,28,Napa,17,100,44201,Ozone,34900,"Napa, CA",6,California,55,Napa,38.310942,-122.296189
11-11-2015,AQS,60550003,1,0.026,ppm,24,Napa,17,100,44201,Ozone,34900,"Napa, CA",6,California,55,Napa,38.310942,-122.296189
11-12-2015,AQS,60550003,1,0.022,ppm,20,Napa,17,100,44201,Ozone,34900,"Napa, CA",6,California,55,Napa,38.310942,-122.296189
11/13/2015,AQS,60550003,1,0.024,ppm,22,Napa,17,100,44201,Ozone,34900,"Napa, CA",6,California,55,Napa,38.310942,-122.296189
11/14/2015,AQS,60550003,1,0.037,ppm,34,Napa,17,100,44201,Ozone,34900,"Napa, CA",6,California,55,Napa,38.310942,-122.296189
11/15/2015,AQS,60550003,1,0.038,ppm,35,Napa,17,100,44201,Ozone,34900,"Napa, CA",6,California,55,Napa,38.310942,-122.296189
11/16/2015,AQS,60550003,1,0.036,ppm,33,Napa,17,100,44201,Ozone,34900,"Napa, CA",6,California,55,Napa,38.310942,-122.296189
11/17/2015,AQS,60550003,1,0.024,ppm,22,Napa,17,100,44201,Ozone,34900,"Napa, CA",6,California,55,Napa,38.310942,-122.296189
11/18/2015,AQS,60550003,1,0.024,ppm,22,Napa,17,100,44201,Ozone,34900,"Napa, CA",6,California,55,Napa,38.310942,-122.296189
11/19/2015,AQS,60550003,1,0.022,ppm,20,Napa,17,100,44201,Ozone,34900,"Napa, CA",6,California,55,Napa,38.310942,-122.296189
11/20/2015,AQS,60550003,1,0.022,ppm,20,Napa,17,100,44201,Ozone,34900,"Napa, CA",6,California,55,Napa,38.310942,-122.296189
11/21/2015,AQS,60550003,1,0.022,ppm,20,Napa,17,100,44201,Ozone,34900,"Napa, CA",6,California,55,Napa,38.310942,-122.296189
11/22/2015,AQS,60550003,1,0.028,ppm,26,Napa,17,100,44201,Ozone,34900,"Napa, CA",6,California,55,Napa,38.310942,-122.296189
11/23/2015,AQS,60550003,1,0.024,ppm,22,Napa,17,100,44201,Ozone,34900,"Napa, CA",6,California,55,Napa,38.310942,-122.296189
11/24/2015,AQS,60550003,1,0.035,ppm,32,Napa,17,100,44201,Ozone,34900,"Napa, CA",6,California,55,Napa,38.310942,-122.296189
11/25/2015,AQS,60550003,1,0.026,ppm,24,Napa,17,100,44201,Ozone,34900,"Napa, CA",6,California,55,Napa,38.310942,-122.296189
11/26/2015,AQS,60550003,1,0.034,ppm,31,Napa,17,100,44201,Ozone,34900,"Napa, CA",6,California,55,Napa,38.310942,-122.296189
11/27/2015,AQS,60550003,1,0.034,ppm,31,Napa,17,100,44201,Ozone,34900,"Napa, CA",6,California,55,Napa,38.310942,-122.296189
11/28/2015,AQS,60550003,1,0.035,ppm,32,Napa,17,100,44201,Ozone,34900,"Napa, CA",6,California,55,Napa,38.310942,-122.296189
11/29/2015,AQS,60550003,1,0.032,ppm,30,Napa,17,100,44201,Ozone,34900,"Napa, CA",6,California,55,Napa,38.310942,-122.296189
11/30/2015,AQS,60550003,1,0.024,ppm,22,Napa,17,100,44201,Ozone,34900,"Napa, CA",6,California,55,Napa,38.310942,-122.296189
12-01-2015,AQS,60550003,1,0.024,ppm,22,Napa,17,100,44201,Ozone,34900,"Napa, CA",6,California,55,Napa,38.310942,-122.296189
12-02-2015,AQS,60550003,1,0.028,ppm,26,Napa,17,100,44201,Ozone,34900,"Napa, CA",6,California,55,Napa,38.310942,-122.296189
12-03-2015,AQS,60550003,1,0.027,ppm,25,Napa,17,100,44201,Ozone,34900,"Napa, CA",6,California,55,Napa,38.310942,-122.296189
12-04-2015,AQS,60550003,1,0.023,ppm,21,Napa,17,100,44201,Ozone,34900,"Napa, CA",6,California,55,Napa,38.310942,-122.296189
12-05-2015,AQS,60550003,1,0.019,ppm,18,Napa,17,100,44201,Ozone,34900,"Napa, CA",6,California,55,Napa,38.310942,-122.296189
12-06-2015,AQS,60550003,1,0.017,ppm,16,Napa,17,100,44201,Ozone,34900,"Napa, CA",6,California,55,Napa,38.310942,-122.296189
12-07-2015,AQS,60550003,1,0.02,ppm,19,Napa,17,100,44201,Ozone,34900,"Napa, CA",6,California,55,Napa,38.310942,-122.296189
12-08-2015,AQS,60550003,1,0.005,ppm,5,Napa,17,100,44201,Ozone,34900,"Napa, CA",6,California,55,Napa,38.310942,-122.296189
12-09-2015,AQS,60550003,1,0.028,ppm,26,Napa,17,100,44201,Ozone,34900,"Napa, CA",6,California,55,Napa,38.310942,-122.296189
12-10-2015,AQS,60550003,1,0.037,ppm,34,Napa,17,100,44201,Ozone,34900,"Napa, CA",6,California,55,Napa,38.310942,-122.296189
12-11-2015,AQS,60550003,1,0.03,ppm,28,Napa,17,100,44201,Ozone,34900,"Napa, CA",6,California,55,Napa,38.310942,-122.296189
12-12-2015,AQS,60550003,1,0.029,ppm,27,Napa,17,100,44201,Ozone,34900,"Napa, CA",6,California,55,Napa,38.310942,-122.296189
12/13/2015,AQS,60550003,1,0.038,ppm,35,Napa,17,100,44201,Ozone,34900,"Napa, CA",6,California,55,Napa,38.310942,-122.296189
12/14/2015,AQS,60550003,1,0.03,ppm,28,Napa,17,100,44201,Ozone,34900,"Napa, CA",6,California,55,Napa,38.310942,-122.296189
12/15/2015,AQS,60550003,1,0.035,ppm,32,Napa,17,100,44201,Ozone,34900,"Napa, CA",6,California,55,Napa,38.310942,-122.296189
12/16/2015,AQS,60550003,1,0.018,ppm,17,Napa,17,100,44201,Ozone,34900,"Napa, CA",6,California,55,Napa,38.310942,-122.296189
12/17/2015,AQS,60550003,1,0.014,ppm,13,Napa,17,100,44201,Ozone,34900,"Napa, CA",6,California,55,Napa,38.310942,-122.296189
12/18/2015,AQS,60550003,1,0.028,ppm,26,Napa,17,100,44201,Ozone,34900,"Napa, CA",6,California,55,Napa,38.310942,-122.296189
12/19/2015,AQS,60550003,1,0.027,ppm,25,Napa,17,100,44201,Ozone,34900,"Napa, CA",6,California,55,Napa,38.310942,-122.296189
12/20/2015,AQS,60550003,1,0.021,ppm,19,Napa,17,100,44201,Ozone,34900,"Napa, CA",6,California,55,Napa,38.310942,-122.296189
12/21/2015,AQS,60550003,1,0.03,ppm,28,Napa,17,100,44201,Ozone,34900,"Napa, CA",6,California,55,Napa,38.310942,-122.296189
12/22/2015,AQS,60550003,1,0.036,ppm,33,Napa,17,100,44201,Ozone,34900,"Napa, CA",6,California,55,Napa,38.310942,-122.296189
12/23/2015,AQS,60550003,1,0.027,ppm,25,Napa,17,100,44201,Ozone,34900,"Napa, CA",6,California,55,Napa,38.310942,-122.296189
12/24/2015,AQS,60550003,1,0.034,ppm,31,Napa,17,100,44201,Ozone,34900,"Napa, CA",6,California,55,Napa,38.310942,-122.296189
12/25/2015,AQS,60550003,1,0.026,ppm,24,Napa,17,100,44201,Ozone,34900,"Napa, CA",6,California,55,Napa,38.310942,-122.296189
12/26/2015,AQS,60550003,1,0.033,ppm,31,Napa,17,100,44201,Ozone,34900,"Napa, CA",6,California,55,Napa,38.310942,-122.296189
12/27/2015,AQS,60550003,1,0.021,ppm,19,Napa,17,100,44201,Ozone,34900,"Napa, CA",6,California,55,Napa,38.310942,-122.296189
12/28/2015,AQS,60550003,1,0.024,ppm,22,Napa,17,100,44201,Ozone,34900,"Napa, CA",6,California,55,Napa,38.310942,-122.296189
12/29/2015,AQS,60550003,1,0.02,ppm,19,Napa,17,100,44201,Ozone,34900,"Napa, CA",6,California,55,Napa,38.310942,-122.296189
12/30/2015,AQS,60550003,1,0.014,ppm,13,Napa,17,100,44201,Ozone,34900,"Napa, CA",6,California,55,Napa,38.310942,-122.296189
