Counties,Student_Origin,2000,2001,2002,2003,2004,2005,2006,2007,2008,2009,2010,2011,2012,2013,2014,2015,2016,2017
Carlow,All counties (2),2252.0,2454.0,2440.0,2301.0,2318.0,2293.0,2557.0,2796.0,2824.0,2931.0,3102.0,3345.0,3398.0,3541.0,3590.0,3876.0,3983.0,4022.0
Carlow,Carlow,336.0,420.0,434.0,353.0,411.0,416.0,523.0,573.0,654.0,689.0,747.0,743.0,648.0,650.0,652.0,696.0,718.0,746.0
Carlow,Dublin,217.0,184.0,182.0,156.0,151.0,134.0,135.0,146.0,143.0,133.0,144.0,150.0,137.0,123.0,139.0,159.0,177.0,186.0
Carlow,Kildare,334.0,380.0,418.0,406.0,396.0,375.0,393.0,454.0,459.0,495.0,509.0,573.0,600.0,635.0,637.0,693.0,691.0,729.0
Carlow,Kilkenny,174.0,215.0,214.0,215.0,184.0,186.0,185.0,181.0,172.0,182.0,201.0,225.0,235.0,261.0,251.0,250.0,266.0,283.0
Carlow,Laois,188.0,228.0,224.0,212.0,211.0,205.0,235.0,265.0,257.0,277.0,269.0,292.0,332.0,347.0,352.0,363.0,388.0,359.0
Carlow,Longford,9.0,12.0,17.0,12.0,13.0,12.0,10.0,10.0,8.0,9.0,12.0,13.0,13.0,12.0,10.0,11.0,9.0,8.0
Carlow,Louth,18.0,18.0,16.0,19.0,17.0,19.0,18.0,20.0,14.0,18.0,19.0,29.0,32.0,35.0,25.0,22.0,32.0,44.0
Carlow,Meath,48.0,51.0,50.0,60.0,55.0,47.0,51.0,56.0,58.0,50.0,54.0,51.0,62.0,66.0,70.0,79.0,79.0,84.0
Carlow,Offaly,64.0,68.0,74.0,79.0,61.0,66.0,62.0,77.0,74.0,80.0,88.0,79.0,80.0,97.0,107.0,116.0,108.0,106.0
Carlow,Westmeath,22.0,22.0,18.0,29.0,23.0,15.0,24.0,24.0,26.0,30.0,36.0,37.0,37.0,39.0,41.0,46.0,41.0,38.0
Carlow,Wexford,263.0,249.0,256.0,273.0,314.0,332.0,351.0,392.0,396.0,405.0,496.0,557.0,576.0,600.0,630.0,668.0,693.0,686.0
Carlow,Wicklow,133.0,153.0,149.0,153.0,168.0,164.0,173.0,187.0,188.0,209.0,193.0,203.0,217.0,224.0,230.0,261.0,278.0,283.0
Carlow,Clare,19.0,23.0,18.0,16.0,17.0,20.0,14.0,13.0,12.0,12.0,13.0,17.0,15.0,18.0,20.0,23.0,30.0,27.0
Carlow,Cork,35.0,32.0,32.0,25.0,38.0,32.0,37.0,42.0,48.0,50.0,52.0,58.0,65.0,57.0,55.0,65.0,77.0,91.0
Carlow,Kerry,18.0,14.0,11.0,15.0,9.0,14.0,15.0,18.0,14.0,12.0,10.0,16.0,25.0,22.0,24.0,25.0,26.0,26.0
Carlow,Limerick,25.0,24.0,17.0,14.0,19.0,17.0,19.0,26.0,14.0,10.0,15.0,14.0,15.0,21.0,24.0,32.0,30.0,26.0
Carlow,Tipperary,138.0,157.0,130.0,106.0,89.0,91.0,107.0,93.0,73.0,64.0,65.0,76.0,85.0,83.0,90.0,87.0,89.0,78.0
Carlow,Waterford,102.0,82.0,65.0,52.0,49.0,34.0,45.0,45.0,43.0,39.0,40.0,36.0,36.0,52.0,62.0,76.0,68.0,64.0
Carlow,Galway,27.0,33.0,32.0,23.0,17.0,24.0,36.0,39.0,41.0,44.0,39.0,33.0,36.0,39.0,29.0,26.0,32.0,28.0
Carlow,Leitrim,6.0,6.0,5.0,7.0,6.0,6.0,13.0,12.0,15.0,10.0,11.0,12.0,11.0,13.0,12.0,13.0,13.0,9.0
Carlow,Mayo,19.0,18.0,22.0,20.0,12.0,21.0,26.0,31.0,33.0,26.0,23.0,36.0,34.0,38.0,38.0,52.0,28.0,36.0
Carlow,Roscommon,13.0,13.0,9.0,11.0,10.0,9.0,15.0,22.0,19.0,24.0,15.0,25.0,25.0,29.0,23.0,26.0,23.0,23.0
Carlow,Sligo,13.0,10.0,6.0,4.0,6.0,7.0,11.0,11.0,15.0,11.0,11.0,14.0,15.0,13.0,7.0,8.0,8.0,10.0
Carlow,Cavan,15.0,16.0,18.0,18.0,17.0,22.0,25.0,24.0,19.0,18.0,13.0,18.0,16.0,12.0,15.0,19.0,22.0,14.0
Carlow,Donegal,5.0,11.0,9.0,12.0,10.0,4.0,13.0,16.0,10.0,10.0,10.0,18.0,26.0,25.0,22.0,23.0,17.0,14.0
Carlow,Monaghan,10.0,13.0,12.0,10.0,15.0,20.0,21.0,18.0,18.0,16.0,16.0,18.0,22.0,28.0,24.0,35.0,38.0,21.0
Carlow,Antrim,0.0,1.0,1.0,0.0,0.0,0.0,0.0,0.0,0.0,0.0,1.0,2.0,2.0,1.0,0.0,1.0,0.0,0.0
Carlow,Armagh,0.0,0.0,0.0,0.0,0.0,0.0,0.0,0.0,0.0,0.0,0.0,0.0,1.0,1.0,1.0,1.0,0.0,1.0
Carlow,Derry,1.0,1.0,1.0,1.0,0.0,0.0,0.0,0.0,0.0,0.0,0.0,0.0,0.0,0.0,0.0,0.0,1.0,1.0
Carlow,Down,0.0,0.0,0.0,0.0,0.0,1.0,0.0,1.0,1.0,1.0,0.0,0.0,0.0,0.0,0.0,0.0,1.0,1.0
Carlow,Fermanagh,0.0,0.0,0.0,0.0,0.0,0.0,0.0,0.0,0.0,0.0,0.0,0.0,0.0,0.0,0.0,0.0,0.0,0.0
Carlow,Tyrone,0.0,0.0,0.0,0.0,0.0,0.0,0.0,0.0,0.0,0.0,0.0,0.0,0.0,0.0,0.0,0.0,0.0,0.0
Carlow,Origin unknown,0.0,0.0,0.0,0.0,0.0,0.0,0.0,0.0,0.0,7.0,0.0,0.0,0.0,0.0,0.0,0.0,0.0,0.0
Dublin,All counties (2),45270.0,46541.0,48296.0,49890.0,50833.0,50393.0,50569.0,51093.0,51896.0,54324.0,58729.0,60681.0,62972.0,63417.0,64177.0,64864.0,65904.0,65892.0
Dublin,Carlow,581.0,604.0,602.0,599.0,597.0,707.0,596.0,567.0,566.0,586.0,672.0,714.0,724.0,703.0,653.0,633.0,642.0,637.0
Dublin,Dublin,21747.0,22957.0,23572.0,25058.0,25314.0,24856.0,25819.0,26370.0,25967.0,28241.0,29827.0,30583.0,32877.0,33070.0,33104.0,33004.0,33745.0,33758.0
Dublin,Kildare,2348.0,2416.0,2517.0,2691.0,2846.0,2836.0,2912.0,2920.0,2837.0,2914.0,3099.0,3287.0,3419.0,3467.0,3587.0,3678.0,3784.0,3821.0
Dublin,Kilkenny,837.0,813.0,861.0,898.0,878.0,813.0,795.0,796.0,814.0,839.0,951.0,981.0,1024.0,1033.0,1031.0,1023.0,1078.0,1119.0
Dublin,Laois,602.0,617.0,655.0,692.0,714.0,689.0,701.0,716.0,721.0,741.0,703.0,705.0,699.0,714.0,760.0,743.0,732.0,722.0
Dublin,Longford,415.0,402.0,417.0,428.0,457.0,489.0,438.0,448.0,457.0,488.0,486.0,491.0,510.0,535.0,542.0,548.0,521.0,499.0
Dublin,Louth,1011.0,1005.0,1098.0,1151.0,1208.0,1177.0,1209.0,1244.0,1296.0,1313.0,1416.0,1462.0,1581.0,1632.0,1687.0,1685.0,1775.0,1808.0
Dublin,Meath,2138.0,2176.0,2331.0,2474.0,2708.0,2635.0,2668.0,2724.0,2738.0,2783.0,2943.0,3076.0,3373.0,3505.0,3603.0,3621.0,3828.0,3871.0
Dublin,Offaly,651.0,605.0,602.0,587.0,589.0,561.0,534.0,519.0,567.0,570.0,609.0,596.0,604.0,607.0,636.0,641.0,650.0,667.0
Dublin,Westmeath,902.0,847.0,889.0,867.0,855.0,800.0,787.0,774.0,790.0,833.0,918.0,965.0,1035.0,1010.0,1017.0,1050.0,1068.0,1065.0
Dublin,Wexford,1353.0,1277.0,1295.0,1347.0,1414.0,1376.0,1385.0,1418.0,1485.0,1625.0,1788.0,1938.0,2001.0,1961.0,1989.0,1974.0,2034.0,2109.0
Dublin,Wicklow,2052.0,2100.0,2234.0,2235.0,2376.0,2906.0,2449.0,2572.0,2649.0,2752.0,3053.0,3238.0,3373.0,3419.0,3389.0,3450.0,3550.0,3578.0
Dublin,Clare,422.0,371.0,356.0,353.0,329.0,354.0,358.0,333.0,316.0,343.0,381.0,396.0,444.0,427.0,438.0,409.0,425.0,413.0
Dublin,Cork,1094.0,1054.0,1008.0,1062.0,1049.0,1004.0,996.0,977.0,1035.0,1077.0,1155.0,1188.0,1287.0,1263.0,1250.0,1256.0,1264.0,1287.0
Dublin,Kerry,660.0,582.0,554.0,559.0,575.0,539.0,521.0,468.0,464.0,482.0,494.0,506.0,526.0,531.0,609.0,611.0,609.0,568.0
Dublin,Limerick,640.0,619.0,589.0,564.0,544.0,513.0,467.0,433.0,417.0,468.0,506.0,514.0,546.0,556.0,574.0,583.0,566.0,579.0
Dublin,Tipperary,1002.0,984.0,920.0,856.0,867.0,786.0,789.0,751.0,715.0,728.0,777.0,778.0,808.0,888.0,906.0,914.0,910.0,845.0
Dublin,Waterford,610.0,566.0,531.0,588.0,548.0,533.0,484.0,489.0,483.0,477.0,530.0,560.0,586.0,593.0,656.0,666.0,706.0,667.0
Dublin,Galway,953.0,973.0,940.0,1013.0,1037.0,982.0,945.0,916.0,955.0,930.0,1016.0,1082.0,1166.0,1206.0,1147.0,1150.0,1169.0,1157.0
Dublin,Leitrim,223.0,265.0,270.0,281.0,268.0,339.0,257.0,249.0,263.0,290.0,310.0,334.0,335.0,274.0,313.0,339.0,369.0,369.0
Dublin,Mayo,1069.0,1130.0,1106.0,1064.0,1165.0,1061.0,1134.0,1072.0,1040.0,1028.0,1096.0,1082.0,1104.0,1088.0,1174.0,1121.0,1172.0,1133.0
Dublin,Roscommon,486.0,485.0,477.0,571.0,520.0,501.0,539.0,541.0,557.0,562.0,596.0,601.0,613.0,616.0,616.0,643.0,667.0,670.0
Dublin,Sligo,484.0,559.0,483.0,441.0,470.0,476.0,464.0,471.0,487.0,488.0,565.0,544.0,581.0,621.0,608.0,635.0,635.0,627.0
Dublin,Cavan,700.0,801.0,816.0,851.0,890.0,907.0,922.0,915.0,905.0,923.0,998.0,1002.0,1049.0,1103.0,1102.0,1067.0,1088.0,1071.0
Dublin,Donegal,776.0,838.0,824.0,873.0,996.0,759.0,909.0,908.0,971.0,979.0,1028.0,1064.0,1096.0,1099.0,1156.0,1169.0,1290.0,1289.0
Dublin,Monaghan,596.0,634.0,642.0,658.0,669.0,622.0,671.0,709.0,772.0,794.0,806.0,842.0,834.0,873.0,909.0,920.0,932.0,945.0
Dublin,Antrim,225.0,214.0,197.0,200.0,206.0,261.0,163.0,167.0,168.0,170.0,181.0,172.0,190.0,149.0,174.0,179.0,198.0,170.0
Dublin,Armagh,82.0,79.0,76.0,74.0,78.0,123.0,77.0,74.0,75.0,68.0,52.0,47.0,51.0,37.0,31.0,36.0,33.0,32.0
Dublin,Derry,128.0,111.0,118.0,122.0,141.0,141.0,125.0,117.0,97.0,77.0,80.0,66.0,86.0,63.0,49.0,45.0,47.0,37.0
Dublin,Down,260.0,248.0,269.0,254.0,264.0,216.0,193.0,185.0,178.0,168.0,188.0,165.0,176.0,139.0,128.0,123.0,139.0,141.0
Dublin,Fermanagh,88.0,78.0,74.0,74.0,71.0,60.0,53.0,50.0,53.0,51.0,58.0,50.0,48.0,30.0,34.0,35.0,38.0,34.0
Dublin,Tyrone,135.0,131.0,129.0,119.0,116.0,97.0,91.0,88.0,92.0,84.0,90.0,78.0,74.0,72.0,54.0,57.0,51.0,57.0
Dublin,Origin unknown,0.0,0.0,844.0,286.0,74.0,274.0,118.0,112.0,966.0,452.0,1357.0,1574.0,152.0,133.0,251.0,856.0,189.0,147.0
Kildare,All counties (2),4295.0,4458.0,4737.0,4892.0,5118.0,5270.0,5509.0,5514.0,5758.0,6234.0,6801.0,7270.0,7508.0,7667.0,7889.0,8517.0,9066.0,9325.0
Kildare,Carlow,75.0,82.0,98.0,106.0,109.0,111.0,110.0,105.0,84.0,82.0,108.0,124.0,125.0,124.0,128.0,132.0,156.0,169.0
Kildare,Dublin,1189.0,1180.0,1251.0,1288.0,1351.0,1381.0,1505.0,1575.0,1724.0,1850.0,1948.0,2088.0,2155.0,2062.0,2190.0,2378.0,2550.0,2577.0
Kildare,Kildare,611.0,705.0,815.0,922.0,1016.0,1006.0,1070.0,1087.0,1188.0,1346.0,1481.0,1551.0,1519.0,1435.0,1452.0,1545.0,1636.0,1674.0
Kildare,Kilkenny,90.0,99.0,108.0,104.0,114.0,117.0,120.0,104.0,98.0,109.0,121.0,128.0,144.0,143.0,139.0,158.0,169.0,209.0
Kildare,Laois,86.0,70.0,77.0,85.0,89.0,103.0,92.0,107.0,115.0,137.0,144.0,138.0,163.0,156.0,169.0,170.0,166.0,170.0
Kildare,Longford,81.0,85.0,69.0,65.0,75.0,98.0,98.0,98.0,77.0,74.0,78.0,75.0,82.0,81.0,88.0,89.0,97.0,107.0
Kildare,Louth,111.0,127.0,150.0,177.0,172.0,201.0,214.0,200.0,196.0,234.0,296.0,307.0,356.0,364.0,407.0,424.0,417.0,404.0
Kildare,Meath,251.0,284.0,322.0,328.0,399.0,445.0,486.0,463.0,505.0,594.0,702.0,810.0,842.0,859.0,927.0,1005.0,1110.0,1207.0
Kildare,Offaly,86.0,92.0,104.0,120.0,140.0,143.0,143.0,143.0,138.0,159.0,182.0,201.0,190.0,183.0,204.0,238.0,237.0,256.0
Kildare,Westmeath,126.0,139.0,153.0,157.0,169.0,184.0,221.0,207.0,206.0,227.0,264.0,280.0,272.0,292.0,310.0,345.0,372.0,355.0
Kildare,Wexford,125.0,124.0,135.0,144.0,136.0,143.0,155.0,137.0,147.0,158.0,177.0,181.0,203.0,201.0,210.0,261.0,304.0,314.0
Kildare,Wicklow,102.0,102.0,97.0,86.0,92.0,99.0,96.0,107.0,117.0,118.0,116.0,137.0,153.0,188.0,192.0,199.0,223.0,235.0
Kildare,Clare,65.0,125.0,56.0,52.0,50.0,49.0,37.0,23.0,26.0,20.0,18.0,20.0,26.0,27.0,33.0,33.0,34.0,37.0
Kildare,Cork,105.0,35.0,98.0,97.0,81.0,64.0,62.0,58.0,55.0,51.0,46.0,59.0,53.0,61.0,75.0,59.0,64.0,55.0
Kildare,Kerry,76.0,73.0,82.0,78.0,66.0,54.0,49.0,47.0,41.0,39.0,31.0,25.0,42.0,45.0,43.0,46.0,42.0,33.0
Kildare,Limerick,78.0,62.0,49.0,44.0,45.0,45.0,36.0,35.0,37.0,35.0,25.0,26.0,34.0,29.0,37.0,35.0,33.0,25.0
Kildare,Tipperary,110.0,117.0,114.0,109.0,110.0,101.0,82.0,73.0,59.0,57.0,51.0,70.0,66.0,62.0,69.0,79.0,102.0,95.0
Kildare,Waterford,52.0,48.0,41.0,44.0,44.0,42.0,42.0,36.0,35.0,27.0,24.0,32.0,37.0,50.0,63.0,70.0,79.0,87.0
Kildare,Galway,173.0,168.0,153.0,127.0,129.0,139.0,133.0,123.0,103.0,93.0,105.0,110.0,118.0,104.0,118.0,128.0,123.0,98.0
Kildare,Leitrim,51.0,55.0,55.0,61.0,64.0,59.0,59.0,64.0,54.0,75.0,81.0,84.0,68.0,71.0,73.0,76.0,70.0,88.0
Kildare,Mayo,120.0,126.0,146.0,149.0,146.0,120.0,117.0,110.0,105.0,108.0,114.0,118.0,116.0,119.0,134.0,145.0,147.0,130.0
Kildare,Roscommon,80.0,87.0,71.0,66.0,62.0,80.0,95.0,87.0,83.0,60.0,74.0,89.0,107.0,109.0,134.0,136.0,123.0,138.0
Kildare,Sligo,58.0,55.0,57.0,64.0,76.0,88.0,78.0,75.0,81.0,79.0,86.0,78.0,88.0,82.0,102.0,110.0,117.0,139.0
Kildare,Cavan,109.0,121.0,130.0,109.0,119.0,117.0,116.0,139.0,141.0,150.0,164.0,178.0,165.0,155.0,173.0,201.0,218.0,265.0
Kildare,Donegal,153.0,165.0,145.0,158.0,146.0,166.0,167.0,172.0,182.0,201.0,191.0,182.0,181.0,180.0,223.0,247.0,273.0,295.0
Kildare,Monaghan,93.0,99.0,98.0,86.0,90.0,90.0,98.0,113.0,130.0,125.0,147.0,161.0,165.0,158.0,170.0,180.0,184.0,156.0
Kildare,Antrim,4.0,3.0,2.0,6.0,4.0,7.0,9.0,8.0,8.0,4.0,8.0,4.0,6.0,4.0,5.0,6.0,8.0,3.0
Kildare,Armagh,8.0,2.0,8.0,4.0,5.0,4.0,2.0,3.0,6.0,3.0,2.0,3.0,7.0,0.0,1.0,1.0,1.0,0.0
Kildare,Derry,7.0,6.0,10.0,5.0,7.0,6.0,7.0,6.0,4.0,6.0,5.0,4.0,9.0,2.0,4.0,6.0,4.0,1.0
Kildare,Down,9.0,11.0,11.0,9.0,8.0,5.0,6.0,4.0,9.0,9.0,8.0,6.0,5.0,6.0,7.0,7.0,5.0,2.0
Kildare,Fermanagh,3.0,0.0,1.0,1.0,1.0,0.0,1.0,0.0,1.0,1.0,1.0,0.0,9.0,1.0,4.0,4.0,0.0,0.0
Kildare,Tyrone,8.0,11.0,3.0,6.0,3.0,3.0,3.0,5.0,3.0,3.0,3.0,1.0,2.0,2.0,5.0,4.0,2.0,1.0
Kildare,Origin unknown,0.0,0.0,28.0,35.0,0.0,0.0,0.0,0.0,0.0,0.0,0.0,0.0,0.0,312.0,0.0,0.0,0.0,0.0
Louth,All counties (2),2523.0,2268.0,2535.0,2585.0,2942.0,2934.0,3020.0,3132.0,3325.0,3648.0,4079.0,4317.0,3918.0,3899.0,3747.0,3853.0,3830.0,3761.0
Louth,Carlow,6.0,6.0,8.0,11.0,11.0,6.0,7.0,6.0,7.0,8.0,11.0,11.0,10.0,12.0,11.0,12.0,9.0,6.0
Louth,Dublin,429.0,320.0,339.0,274.0,296.0,296.0,300.0,321.0,350.0,373.0,397.0,469.0,441.0,444.0,429.0,459.0,456.0,465.0
Louth,Kildare,31.0,28.0,28.0,29.0,43.0,30.0,24.0,29.0,30.0,26.0,25.0,34.0,46.0,41.0,41.0,42.0,39.0,34.0
Louth,Kilkenny,4.0,5.0,4.0,6.0,2.0,6.0,7.0,9.0,15.0,18.0,17.0,21.0,11.0,11.0,9.0,9.0,12.0,14.0
Louth,Laois,6.0,7.0,6.0,6.0,7.0,8.0,6.0,5.0,8.0,4.0,7.0,5.0,8.0,8.0,7.0,9.0,9.0,8.0
Louth,Longford,10.0,8.0,8.0,10.0,10.0,10.0,10.0,8.0,10.0,10.0,16.0,16.0,14.0,14.0,15.0,14.0,11.0,11.0
Louth,Louth,1124.0,1081.0,1186.0,1233.0,1380.0,1375.0,1378.0,1359.0,1391.0,1530.0,1779.0,1848.0,1556.0,1629.0,1568.0,1655.0,1645.0,1655.0
Louth,Meath,316.0,286.0,346.0,367.0,446.0,448.0,495.0,552.0,580.0,634.0,702.0,738.0,719.0,684.0,649.0,640.0,660.0,632.0
Louth,Offaly,11.0,10.0,13.0,8.0,8.0,8.0,7.0,10.0,8.0,9.0,10.0,11.0,12.0,10.0,14.0,12.0,6.0,12.0
Louth,Westmeath,21.0,10.0,18.0,21.0,27.0,28.0,29.0,33.0,34.0,38.0,44.0,47.0,43.0,39.0,37.0,43.0,42.0,39.0
Louth,Wexford,8.0,7.0,8.0,9.0,8.0,6.0,6.0,9.0,9.0,10.0,12.0,14.0,17.0,14.0,14.0,17.0,18.0,20.0
Louth,Wicklow,24.0,10.0,11.0,15.0,14.0,13.0,16.0,22.0,22.0,26.0,24.0,14.0,23.0,22.0,27.0,33.0,32.0,27.0
Louth,Clare,5.0,6.0,4.0,6.0,5.0,5.0,4.0,2.0,2.0,2.0,2.0,7.0,8.0,12.0,13.0,10.0,5.0,2.0
Louth,Cork,20.0,17.0,23.0,25.0,16.0,15.0,14.0,18.0,21.0,24.0,22.0,21.0,17.0,13.0,19.0,15.0,8.0,17.0
Louth,Kerry,9.0,5.0,4.0,3.0,9.0,5.0,6.0,8.0,8.0,7.0,9.0,15.0,13.0,13.0,9.0,7.0,6.0,5.0
Louth,Limerick,6.0,4.0,13.0,5.0,7.0,6.0,9.0,13.0,14.0,8.0,7.0,8.0,3.0,4.0,8.0,7.0,6.0,3.0
Louth,Tipperary,12.0,9.0,8.0,10.0,10.0,10.0,10.0,6.0,6.0,8.0,10.0,9.0,9.0,7.0,4.0,6.0,9.0,7.0
Louth,Waterford,3.0,3.0,3.0,2.0,2.0,2.0,3.0,7.0,2.0,2.0,5.0,5.0,5.0,3.0,4.0,5.0,6.0,8.0
Louth,Galway,15.0,12.0,13.0,19.0,15.0,11.0,11.0,19.0,13.0,21.0,22.0,25.0,28.0,21.0,14.0,14.0,12.0,13.0
Louth,Leitrim,12.0,10.0,6.0,7.0,13.0,12.0,15.0,13.0,18.0,14.0,12.0,16.0,15.0,16.0,16.0,16.0,15.0,16.0
Louth,Mayo,11.0,16.0,17.0,15.0,13.0,12.0,11.0,18.0,25.0,25.0,32.0,28.0,18.0,26.0,21.0,21.0,22.0,11.0
Louth,Roscommon,10.0,7.0,6.0,8.0,9.0,8.0,4.0,5.0,9.0,10.0,13.0,7.0,5.0,9.0,9.0,10.0,8.0,6.0
Louth,Sligo,5.0,2.0,2.0,5.0,12.0,10.0,8.0,5.0,10.0,11.0,18.0,10.0,6.0,6.0,8.0,7.0,7.0,8.0
Louth,Cavan,105.0,120.0,144.0,135.0,168.0,191.0,189.0,188.0,232.0,257.0,284.0,298.0,286.0,251.0,227.0,209.0,211.0,207.0
Louth,Donegal,22.0,20.0,24.0,27.0,21.0,20.0,24.0,25.0,23.0,28.0,31.0,32.0,22.0,23.0,26.0,23.0,21.0,15.0
Louth,Monaghan,289.0,248.0,285.0,313.0,387.0,377.0,413.0,420.0,456.0,502.0,534.0,568.0,539.0,497.0,479.0,456.0,475.0,463.0
Louth,Antrim,1.0,2.0,2.0,1.0,1.0,2.0,0.0,0.0,1.0,0.0,0.0,1.0,0.0,0.0,2.0,0.0,1.0,0.0
Louth,Armagh,2.0,3.0,3.0,6.0,0.0,2.0,1.0,2.0,1.0,6.0,2.0,9.0,10.0,10.0,7.0,17.0,13.0,14.0
Louth,Derry,0.0,0.0,0.0,0.0,0.0,0.0,0.0,0.0,0.0,0.0,0.0,1.0,1.0,1.0,0.0,0.0,0.0,0.0
Louth,Down,5.0,6.0,3.0,8.0,1.0,11.0,12.0,20.0,19.0,35.0,27.0,25.0,30.0,54.0,57.0,82.0,62.0,39.0
Louth,Fermanagh,1.0,0.0,0.0,1.0,0.0,0.0,1.0,0.0,0.0,0.0,1.0,1.0,1.0,2.0,2.0,3.0,3.0,2.0
Louth,Tyrone,0.0,0.0,0.0,0.0,1.0,1.0,0.0,0.0,0.0,1.0,2.0,3.0,2.0,2.0,1.0,0.0,1.0,2.0
Louth,Origin unknown,0.0,0.0,0.0,0.0,0.0,0.0,0.0,0.0,1.0,1.0,2.0,0.0,0.0,1.0,0.0,0.0,0.0,0.0
Westmeath,All counties (2),2994.0,3099.0,3232.0,3325.0,3427.0,3225.0,3343.0,2962.0,2756.0,2868.0,3288.0,3468.0,3394.0,3473.0,3559.0,3627.0,3436.0,3241.0
Westmeath,Carlow,8.0,14.0,8.0,4.0,5.0,5.0,6.0,11.0,5.0,8.0,8.0,13.0,13.0,15.0,19.0,15.0,11.0,14.0
Westmeath,Dublin,123.0,121.0,87.0,70.0,62.0,61.0,62.0,56.0,39.0,51.0,49.0,52.0,63.0,80.0,101.0,106.0,95.0,111.0
Westmeath,Kildare,82.0,72.0,87.0,71.0,66.0,51.0,54.0,41.0,43.0,39.0,41.0,46.0,52.0,62.0,73.0,72.0,77.0,78.0
Westmeath,Kilkenny,14.0,13.0,11.0,15.0,5.0,6.0,7.0,12.0,10.0,12.0,7.0,4.0,12.0,19.0,20.0,18.0,19.0,17.0
Westmeath,Laois,86.0,86.0,85.0,84.0,99.0,88.0,101.0,98.0,88.0,105.0,103.0,90.0,118.0,123.0,123.0,107.0,90.0,92.0
Westmeath,Longford,183.0,221.0,226.0,211.0,236.0,203.0,238.0,214.0,216.0,220.0,254.0,273.0,280.0,259.0,268.0,282.0,235.0,215.0
Westmeath,Louth,21.0,26.0,28.0,40.0,32.0,21.0,23.0,12.0,12.0,11.0,19.0,15.0,20.0,25.0,29.0,26.0,27.0,24.0
Westmeath,Meath,158.0,157.0,163.0,166.0,162.0,138.0,122.0,104.0,79.0,84.0,95.0,95.0,106.0,122.0,110.0,119.0,120.0,122.0
Westmeath,Offaly,358.0,372.0,425.0,441.0,426.0,393.0,441.0,406.0,360.0,359.0,415.0,493.0,531.0,543.0,574.0,592.0,574.0,491.0
Westmeath,Westmeath,503.0,547.0,605.0,650.0,753.0,832.0,888.0,736.0,850.0,956.0,1062.0,1181.0,933.0,817.0,841.0,916.0,865.0,831.0
Westmeath,Wexford,12.0,8.0,14.0,10.0,11.0,8.0,8.0,7.0,9.0,4.0,5.0,7.0,7.0,13.0,16.0,21.0,23.0,27.0
Westmeath,Wicklow,26.0,19.0,15.0,13.0,9.0,13.0,13.0,9.0,7.0,10.0,14.0,17.0,20.0,20.0,23.0,26.0,31.0,37.0
Westmeath,Clare,54.0,34.0,42.0,40.0,48.0,47.0,44.0,40.0,29.0,20.0,26.0,34.0,44.0,67.0,69.0,60.0,56.0,54.0
Westmeath,Cork,31.0,18.0,30.0,31.0,29.0,17.0,20.0,23.0,23.0,20.0,16.0,14.0,14.0,19.0,25.0,25.0,39.0,39.0
Westmeath,Kerry,21.0,15.0,14.0,13.0,18.0,13.0,14.0,13.0,11.0,11.0,13.0,8.0,11.0,17.0,25.0,23.0,17.0,20.0
Westmeath,Limerick,18.0,17.0,23.0,19.0,14.0,15.0,16.0,16.0,12.0,11.0,19.0,14.0,17.0,19.0,23.0,24.0,22.0,22.0
Westmeath,Tipperary,83.0,71.0,68.0,74.0,84.0,59.0,71.0,54.0,37.0,43.0,51.0,42.0,48.0,62.0,64.0,57.0,64.0,57.0
Westmeath,Waterford,8.0,8.0,6.0,9.0,5.0,3.0,5.0,7.0,9.0,11.0,5.0,7.0,5.0,5.0,10.0,8.0,7.0,6.0
Westmeath,Galway,477.0,502.0,501.0,528.0,540.0,489.0,476.0,445.0,410.0,379.0,442.0,441.0,424.0,476.0,460.0,457.0,434.0,392.0
Westmeath,Leitrim,49.0,61.0,52.0,61.0,53.0,56.0,57.0,50.0,38.0,27.0,31.0,30.0,39.0,41.0,38.0,38.0,39.0,33.0
Westmeath,Mayo,178.0,168.0,168.0,152.0,156.0,132.0,129.0,119.0,91.0,88.0,97.0,104.0,105.0,117.0,113.0,108.0,107.0,109.0
Westmeath,Roscommon,265.0,299.0,313.0,326.0,326.0,314.0,315.0,303.0,233.0,281.0,332.0,329.0,334.0,342.0,331.0,335.0,314.0,278.0
Westmeath,Sligo,31.0,31.0,34.0,37.0,46.0,34.0,32.0,22.0,17.0,10.0,29.0,25.0,37.0,39.0,30.0,31.0,27.0,31.0
Westmeath,Cavan,133.0,135.0,136.0,166.0,167.0,143.0,122.0,113.0,83.0,67.0,106.0,94.0,109.0,115.0,106.0,107.0,96.0,100.0
Westmeath,Donegal,25.0,29.0,35.0,33.0,26.0,27.0,31.0,20.0,19.0,18.0,23.0,19.0,22.0,22.0,19.0,23.0,20.0,19.0
Westmeath,Monaghan,47.0,51.0,51.0,58.0,47.0,56.0,47.0,31.0,26.0,23.0,26.0,21.0,30.0,34.0,45.0,29.0,25.0,22.0
Westmeath,Antrim,0.0,0.0,0.0,0.0,0.0,0.0,0.0,0.0,0.0,0.0,0.0,0.0,0.0,0.0,0.0,0.0,0.0,0.0
Westmeath,Armagh,0.0,0.0,0.0,0.0,0.0,0.0,0.0,0.0,0.0,0.0,0.0,0.0,0.0,0.0,1.0,0.0,0.0,0.0
Westmeath,Derry,0.0,0.0,0.0,1.0,0.0,0.0,0.0,0.0,0.0,0.0,0.0,0.0,0.0,0.0,0.0,0.0,0.0,0.0
Westmeath,Down,0.0,0.0,3.0,0.0,1.0,0.0,0.0,0.0,0.0,0.0,0.0,0.0,0.0,0.0,0.0,0.0,0.0,0.0
Westmeath,Fermanagh,0.0,2.0,0.0,1.0,1.0,1.0,1.0,0.0,0.0,0.0,0.0,0.0,0.0,0.0,1.0,1.0,0.0,0.0
Westmeath,Tyrone,0.0,2.0,2.0,1.0,0.0,0.0,0.0,0.0,0.0,0.0,0.0,0.0,0.0,0.0,1.0,0.0,0.0,0.0
Westmeath,Origin unknown,0.0,0.0,0.0,0.0,0.0,0.0,0.0,0.0,0.0,0.0,0.0,0.0,0.0,0.0,1.0,1.0,2.0,0.0
Cork,All counties (2),15674.0,16308.0,16926.0,17370.0,17750.0,18145.0,18242.0,18383.0,19211.0,19858.0,21306.0,21408.0,21528.0,21460.0,21443.0,21603.0,22214.0,22569.0
Cork,Carlow,40.0,34.0,32.0,41.0,49.0,44.0,40.0,39.0,39.0,39.0,42.0,51.0,62.0,64.0,59.0,65.0,70.0,61.0
Cork,Dublin,287.0,235.0,230.0,234.0,217.0,247.0,188.0,192.0,209.0,196.0,222.0,209.0,232.0,260.0,264.0,265.0,276.0,257.0
Cork,Kildare,63.0,60.0,51.0,53.0,52.0,69.0,67.0,84.0,76.0,77.0,79.0,94.0,102.0,103.0,101.0,105.0,113.0,132.0
Cork,Kilkenny,226.0,233.0,265.0,277.0,288.0,329.0,341.0,377.0,412.0,423.0,469.0,459.0,458.0,458.0,439.0,433.0,460.0,452.0
Cork,Laois,53.0,64.0,58.0,56.0,54.0,58.0,58.0,63.0,77.0,76.0,76.0,76.0,96.0,91.0,93.0,102.0,119.0,120.0
Cork,Longford,22.0,15.0,14.0,14.0,12.0,13.0,10.0,9.0,8.0,7.0,8.0,10.0,13.0,16.0,10.0,14.0,17.0,21.0
Cork,Louth,33.0,33.0,30.0,25.0,20.0,30.0,28.0,18.0,22.0,19.0,14.0,17.0,16.0,32.0,39.0,34.0,46.0,40.0
Cork,Meath,57.0,46.0,46.0,40.0,35.0,38.0,41.0,45.0,58.0,53.0,57.0,66.0,55.0,58.0,57.0,63.0,67.0,72.0
Cork,Offaly,48.0,47.0,33.0,35.0,40.0,44.0,49.0,58.0,44.0,41.0,29.0,29.0,40.0,35.0,43.0,37.0,41.0,53.0
Cork,Westmeath,31.0,31.0,30.0,32.0,21.0,22.0,22.0,20.0,25.0,19.0,22.0,27.0,22.0,22.0,20.0,22.0,27.0,28.0
Cork,Wexford,186.0,167.0,156.0,161.0,180.0,198.0,197.0,220.0,246.0,264.0,274.0,268.0,274.0,258.0,239.0,259.0,275.0,268.0
Cork,Wicklow,46.0,43.0,43.0,40.0,39.0,44.0,50.0,65.0,64.0,63.0,55.0,62.0,62.0,67.0,79.0,73.0,78.0,67.0
Cork,Clare,304.0,339.0,376.0,360.0,361.0,349.0,317.0,334.0,394.0,355.0,415.0,405.0,393.0,411.0,370.0,416.0,434.0,407.0
Cork,Cork,10282.0,10795.0,11234.0,11518.0,11833.0,12014.0,12036.0,12033.0,12393.0,12895.0,13881.0,14016.0,14204.0,14279.0,14338.0,14432.0,14729.0,15018.0
Cork,Kerry,1320.0,1442.0,1576.0,1648.0,1623.0,1686.0,1751.0,1731.0,1879.0,1983.0,2092.0,2046.0,1987.0,1881.0,1852.0,1889.0,1906.0,2068.0
Cork,Limerick,793.0,801.0,789.0,770.0,775.0,758.0,795.0,830.0,888.0,905.0,945.0,950.0,932.0,897.0,835.0,822.0,830.0,813.0
Cork,Tipperary,831.0,878.0,902.0,957.0,995.0,1039.0,1092.0,1055.0,1066.0,1113.0,1211.0,1204.0,1190.0,1161.0,1139.0,1111.0,1190.0,1209.0
Cork,Waterford,626.0,659.0,692.0,737.0,785.0,812.0,825.0,852.0,923.0,953.0,982.0,997.0,935.0,900.0,965.0,978.0,1033.0,996.0
Cork,Galway,190.0,176.0,169.0,169.0,160.0,163.0,158.0,182.0,195.0,183.0,209.0,207.0,203.0,206.0,222.0,212.0,241.0,227.0
Cork,Leitrim,13.0,11.0,7.0,8.0,10.0,10.0,9.0,6.0,6.0,6.0,4.0,4.0,6.0,14.0,16.0,15.0,12.0,10.0
Cork,Mayo,83.0,67.0,62.0,65.0,64.0,60.0,67.0,66.0,69.0,69.0,71.0,66.0,75.0,82.0,85.0,76.0,80.0,76.0
Cork,Roscommon,31.0,27.0,34.0,35.0,32.0,24.0,19.0,25.0,30.0,27.0,33.0,32.0,30.0,30.0,34.0,42.0,32.0,33.0
Cork,Sligo,22.0,28.0,19.0,23.0,29.0,26.0,22.0,23.0,26.0,26.0,33.0,32.0,38.0,28.0,34.0,37.0,30.0,29.0
Cork,Cavan,16.0,22.0,14.0,9.0,14.0,15.0,18.0,15.0,12.0,13.0,18.0,20.0,26.0,20.0,26.0,19.0,18.0,25.0
Cork,Donegal,34.0,24.0,33.0,31.0,29.0,26.0,21.0,20.0,30.0,34.0,35.0,38.0,54.0,55.0,53.0,50.0,49.0,49.0
Cork,Monaghan,12.0,7.0,8.0,11.0,12.0,13.0,11.0,10.0,10.0,9.0,14.0,11.0,13.0,13.0,12.0,19.0,22.0,22.0
Cork,Antrim,11.0,10.0,10.0,13.0,12.0,8.0,5.0,5.0,5.0,6.0,8.0,6.0,7.0,6.0,7.0,6.0,10.0,8.0
Cork,Armagh,2.0,1.0,0.0,0.0,0.0,1.0,1.0,1.0,0.0,0.0,1.0,1.0,0.0,2.0,0.0,0.0,0.0,1.0
Cork,Derry,4.0,2.0,2.0,2.0,1.0,1.0,1.0,2.0,0.0,0.0,0.0,0.0,0.0,2.0,3.0,1.0,1.0,1.0
Cork,Down,4.0,8.0,8.0,5.0,4.0,2.0,1.0,1.0,2.0,1.0,2.0,2.0,0.0,1.0,4.0,2.0,3.0,2.0
Cork,Fermanagh,1.0,1.0,2.0,0.0,1.0,0.0,1.0,1.0,1.0,1.0,2.0,0.0,0.0,3.0,4.0,3.0,4.0,4.0
Cork,Tyrone,3.0,2.0,1.0,1.0,3.0,2.0,1.0,1.0,1.0,2.0,2.0,2.0,2.0,4.0,1.0,1.0,1.0,0.0
Cork,Origin unknown,0.0,0.0,0.0,0.0,0.0,0.0,0.0,0.0,1.0,0.0,1.0,1.0,1.0,1.0,0.0,0.0,0.0,0.0
Kerry,All counties (2),2139.0,2261.0,2331.0,2332.0,2412.0,2386.0,2228.0,2214.0,1869.0,1975.0,2243.0,2378.0,2400.0,2392.0,2375.0,2550.0,2392.0,2301.0
Kerry,Carlow,16.0,12.0,11.0,5.0,8.0,8.0,7.0,5.0,3.0,7.0,7.0,6.0,7.0,11.0,7.0,10.0,11.0,9.0
Kerry,Dublin,17.0,13.0,13.0,14.0,14.0,19.0,10.0,14.0,13.0,17.0,23.0,22.0,20.0,22.0,28.0,37.0,28.0,31.0
Kerry,Kildare,15.0,13.0,7.0,11.0,7.0,9.0,12.0,10.0,10.0,19.0,23.0,21.0,26.0,22.0,17.0,23.0,19.0,21.0
Kerry,Kilkenny,7.0,7.0,6.0,6.0,2.0,4.0,5.0,5.0,7.0,10.0,9.0,9.0,7.0,8.0,9.0,9.0,12.0,10.0
Kerry,Laois,18.0,9.0,7.0,11.0,12.0,12.0,8.0,6.0,10.0,12.0,13.0,15.0,11.0,10.0,19.0,20.0,22.0,24.0
Kerry,Longford,3.0,4.0,1.0,1.0,4.0,3.0,3.0,3.0,3.0,2.0,2.0,2.0,1.0,4.0,6.0,3.0,2.0,4.0
Kerry,Louth,4.0,3.0,3.0,4.0,0.0,0.0,2.0,3.0,4.0,6.0,6.0,7.0,8.0,9.0,8.0,8.0,8.0,8.0
Kerry,Meath,21.0,21.0,20.0,20.0,10.0,10.0,10.0,6.0,6.0,2.0,5.0,13.0,18.0,18.0,19.0,27.0,25.0,23.0
Kerry,Offaly,18.0,18.0,11.0,12.0,10.0,9.0,11.0,13.0,14.0,16.0,11.0,17.0,15.0,16.0,13.0,19.0,17.0,15.0
Kerry,Westmeath,4.0,5.0,6.0,7.0,6.0,6.0,2.0,3.0,6.0,4.0,8.0,6.0,9.0,9.0,5.0,11.0,8.0,7.0
Kerry,Wexford,14.0,14.0,14.0,11.0,10.0,6.0,6.0,6.0,5.0,7.0,7.0,19.0,16.0,26.0,22.0,23.0,21.0,20.0
Kerry,Wicklow,3.0,4.0,5.0,4.0,5.0,10.0,8.0,8.0,8.0,13.0,11.0,16.0,20.0,22.0,25.0,34.0,23.0,23.0
Kerry,Clare,116.0,110.0,110.0,92.0,115.0,114.0,100.0,97.0,66.0,56.0,67.0,77.0,99.0,93.0,102.0,106.0,102.0,123.0
Kerry,Cork,379.0,409.0,389.0,368.0,387.0,345.0,316.0,273.0,226.0,234.0,236.0,270.0,272.0,239.0,256.0,300.0,295.0,300.0
Kerry,Kerry,1102.0,1190.0,1244.0,1298.0,1369.0,1428.0,1377.0,1412.0,1258.0,1359.0,1544.0,1564.0,1554.0,1562.0,1516.0,1542.0,1423.0,1294.0
Kerry,Limerick,222.0,236.0,290.0,300.0,299.0,255.0,217.0,220.0,139.0,118.0,164.0,194.0,195.0,187.0,179.0,191.0,190.0,197.0
Kerry,Tipperary,74.0,81.0,70.0,59.0,59.0,56.0,44.0,44.0,26.0,19.0,25.0,27.0,35.0,32.0,41.0,51.0,54.0,56.0
Kerry,Waterford,21.0,16.0,25.0,20.0,18.0,20.0,18.0,14.0,9.0,6.0,8.0,5.0,6.0,6.0,8.0,14.0,15.0,22.0
Kerry,Galway,50.0,57.0,59.0,48.0,43.0,37.0,40.0,37.0,25.0,27.0,28.0,29.0,27.0,33.0,37.0,45.0,39.0,33.0
Kerry,Leitrim,2.0,1.0,1.0,0.0,0.0,1.0,0.0,1.0,0.0,2.0,4.0,4.0,4.0,3.0,5.0,4.0,6.0,5.0
Kerry,Mayo,16.0,15.0,13.0,11.0,12.0,14.0,16.0,15.0,12.0,12.0,17.0,22.0,16.0,20.0,16.0,28.0,29.0,27.0
Kerry,Roscommon,7.0,9.0,13.0,11.0,6.0,7.0,4.0,4.0,4.0,4.0,5.0,8.0,8.0,15.0,11.0,12.0,12.0,15.0
Kerry,Sligo,2.0,2.0,0.0,2.0,1.0,2.0,1.0,4.0,5.0,4.0,4.0,4.0,7.0,7.0,5.0,10.0,7.0,6.0
Kerry,Cavan,2.0,3.0,4.0,3.0,4.0,2.0,1.0,0.0,1.0,7.0,5.0,5.0,7.0,5.0,6.0,5.0,5.0,7.0
Kerry,Donegal,3.0,5.0,4.0,6.0,4.0,3.0,3.0,5.0,7.0,9.0,9.0,12.0,7.0,7.0,9.0,11.0,10.0,10.0
Kerry,Monaghan,3.0,4.0,4.0,8.0,7.0,6.0,6.0,5.0,2.0,3.0,2.0,4.0,5.0,5.0,5.0,7.0,9.0,9.0
Kerry,Antrim,0.0,0.0,0.0,0.0,0.0,0.0,0.0,0.0,0.0,0.0,0.0,0.0,0.0,0.0,0.0,0.0,0.0,0.0
Kerry,Armagh,0.0,0.0,0.0,0.0,0.0,0.0,0.0,0.0,0.0,0.0,0.0,0.0,0.0,0.0,0.0,0.0,0.0,1.0
Kerry,Derry,0.0,0.0,0.0,0.0,0.0,0.0,1.0,1.0,0.0,0.0,0.0,0.0,0.0,0.0,0.0,0.0,0.0,0.0
Kerry,Down,0.0,0.0,0.0,0.0,0.0,0.0,0.0,0.0,0.0,0.0,0.0,0.0,0.0,1.0,1.0,0.0,0.0,0.0
Kerry,Fermanagh,0.0,0.0,0.0,0.0,0.0,0.0,0.0,0.0,0.0,0.0,0.0,0.0,0.0,0.0,0.0,0.0,0.0,0.0
Kerry,Tyrone,0.0,0.0,1.0,0.0,0.0,0.0,0.0,0.0,0.0,0.0,0.0,0.0,0.0,0.0,0.0,0.0,0.0,0.0
Kerry,Origin unknown,0.0,0.0,0.0,0.0,0.0,0.0,0.0,0.0,0.0,0.0,0.0,0.0,0.0,0.0,0.0,0.0,0.0,1.0
Limerick,All counties (2),12478.0,13101.0,13245.0,13471.0,14031.0,13778.0,14524.0,14436.0,14387.0,15399.0,16210.0,16665.0,17326.0,17756.0,17904.0,18134.0,19236.0,19511.0
Limerick,Carlow,56.0,48.0,44.0,40.0,40.0,52.0,60.0,68.0,78.0,70.0,69.0,62.0,73.0,83.0,100.0,111.0,105.0,107.0
Limerick,Dublin,283.0,235.0,212.0,222.0,201.0,196.0,239.0,226.0,231.0,254.0,281.0,298.0,319.0,316.0,309.0,310.0,357.0,334.0
Limerick,Kildare,140.0,134.0,118.0,115.0,128.0,135.0,146.0,165.0,170.0,179.0,196.0,211.0,213.0,234.0,230.0,241.0,255.0,256.0
Limerick,Kilkenny,262.0,285.0,272.0,275.0,301.0,293.0,323.0,332.0,312.0,330.0,354.0,352.0,368.0,363.0,368.0,381.0,400.0,428.0
Limerick,Laois,164.0,168.0,148.0,153.0,173.0,169.0,158.0,189.0,194.0,238.0,271.0,255.0,311.0,285.0,305.0,330.0,392.0,459.0
Limerick,Longford,51.0,63.0,56.0,53.0,48.0,47.0,45.0,49.0,57.0,59.0,57.0,61.0,50.0,45.0,54.0,48.0,54.0,62.0
Limerick,Louth,51.0,57.0,45.0,44.0,39.0,28.0,50.0,52.0,40.0,39.0,29.0,29.0,32.0,42.0,50.0,57.0,55.0,54.0
Limerick,Meath,124.0,108.0,92.0,77.0,81.0,90.0,83.0,89.0,76.0,81.0,94.0,99.0,124.0,109.0,102.0,108.0,112.0,108.0
Limerick,Offaly,195.0,203.0,206.0,218.0,216.0,205.0,229.0,259.0,265.0,291.0,297.0,290.0,297.0,280.0,284.0,295.0,343.0,388.0
Limerick,Westmeath,187.0,191.0,172.0,163.0,158.0,130.0,126.0,126.0,127.0,150.0,147.0,143.0,164.0,156.0,144.0,147.0,159.0,170.0
Limerick,Wexford,205.0,201.0,199.0,186.0,189.0,174.0,194.0,222.0,212.0,216.0,224.0,223.0,242.0,247.0,263.0,258.0,286.0,298.0
Limerick,Wicklow,50.0,49.0,57.0,46.0,49.0,55.0,50.0,58.0,60.0,70.0,82.0,79.0,85.0,93.0,89.0,101.0,106.0,117.0
Limerick,Clare,1456.0,1571.0,1648.0,1808.0,1939.0,1912.0,2061.0,1940.0,1895.0,2068.0,2258.0,2325.0,2374.0,2427.0,2440.0,2475.0,2596.0,2579.0
Limerick,Cork,1508.0,1560.0,1653.0,1742.0,1796.0,1796.0,1824.0,1758.0,1786.0,1864.0,1851.0,1826.0,1868.0,1966.0,1949.0,1911.0,2014.0,2014.0
Limerick,Kerry,1022.0,1058.0,1138.0,1127.0,1200.0,1149.0,1222.0,1196.0,1157.0,1175.0,1180.0,1207.0,1144.0,1156.0,1169.0,1214.0,1331.0,1371.0
Limerick,Limerick,3261.0,3486.0,3603.0,3784.0,4016.0,4023.0,4126.0,4007.0,4034.0,4190.0,4496.0,4774.0,4739.0,4985.0,5079.0,5132.0,5391.0,5276.0
Limerick,Tipperary,1234.0,1361.0,1358.0,1349.0,1387.0,1371.0,1468.0,1511.0,1498.0,1597.0,1761.0,1826.0,2180.0,2200.0,2165.0,2205.0,2239.0,2305.0
Limerick,Waterford,225.0,263.0,263.0,292.0,335.0,316.0,342.0,347.0,354.0,410.0,418.0,452.0,482.0,476.0,441.0,409.0,466.0,486.0
Limerick,Galway,953.0,1000.0,983.0,896.0,888.0,862.0,969.0,1020.0,1016.0,1162.0,1163.0,1116.0,1176.0,1119.0,1114.0,1116.0,1188.0,1232.0
Limerick,Leitrim,90.0,72.0,58.0,47.0,40.0,50.0,63.0,63.0,64.0,67.0,66.0,73.0,77.0,68.0,80.0,80.0,69.0,72.0
Limerick,Mayo,458.0,463.0,437.0,403.0,396.0,363.0,377.0,375.0,364.0,446.0,479.0,518.0,524.0,575.0,590.0,587.0,665.0,690.0
Limerick,Roscommon,172.0,189.0,179.0,168.0,154.0,128.0,130.0,144.0,155.0,178.0,172.0,170.0,175.0,189.0,216.0,202.0,202.0,240.0
Limerick,Sligo,100.0,121.0,115.0,99.0,90.0,90.0,84.0,81.0,85.0,93.0,107.0,114.0,112.0,116.0,115.0,124.0,145.0,153.0
Limerick,Cavan,48.0,52.0,39.0,32.0,35.0,29.0,36.0,28.0,39.0,35.0,33.0,31.0,38.0,43.0,49.0,64.0,66.0,73.0
Limerick,Donegal,130.0,118.0,108.0,90.0,94.0,73.0,78.0,83.0,87.0,96.0,92.0,99.0,123.0,138.0,149.0,148.0,151.0,151.0
Limerick,Monaghan,40.0,38.0,32.0,28.0,26.0,31.0,37.0,42.0,26.0,23.0,18.0,22.0,26.0,33.0,37.0,56.0,59.0,63.0
Limerick,Antrim,5.0,3.0,3.0,3.0,4.0,4.0,1.0,0.0,0.0,7.0,5.0,2.0,3.0,5.0,6.0,11.0,15.0,11.0
Limerick,Armagh,1.0,0.0,1.0,2.0,2.0,1.0,2.0,1.0,2.0,1.0,1.0,1.0,1.0,4.0,3.0,2.0,2.0,3.0
Limerick,Derry,2.0,1.0,1.0,2.0,1.0,2.0,1.0,1.0,0.0,1.0,1.0,1.0,1.0,0.0,1.0,2.0,1.0,1.0
Limerick,Down,2.0,0.0,2.0,1.0,2.0,2.0,0.0,1.0,1.0,6.0,4.0,3.0,2.0,3.0,2.0,3.0,6.0,4.0
Limerick,Fermanagh,1.0,1.0,2.0,2.0,0.0,0.0,0.0,2.0,1.0,1.0,1.0,1.0,1.0,0.0,1.0,1.0,1.0,2.0
Limerick,Tyrone,2.0,2.0,1.0,4.0,3.0,2.0,0.0,1.0,1.0,2.0,3.0,1.0,2.0,0.0,0.0,5.0,5.0,4.0
Limerick,Origin unknown,0.0,0.0,0.0,0.0,0.0,0.0,0.0,0.0,0.0,0.0,0.0,1.0,0.0,0.0,0.0,0.0,0.0,0.0
Tipperary,All counties (2),162.0,184.0,269.0,325.0,364.0,373.0,373.0,334.0,284.0,328.0,479.0,668.0,0.0,0.0,0.0,0.0,0.0,0.0
Tipperary,Carlow,0.0,0.0,1.0,2.0,2.0,1.0,1.0,1.0,0.0,0.0,3.0,3.0,0.0,0.0,0.0,0.0,0.0,0.0
Tipperary,Dublin,2.0,5.0,4.0,13.0,26.0,1.0,3.0,4.0,6.0,5.0,6.0,11.0,0.0,0.0,0.0,0.0,0.0,0.0
Tipperary,Kildare,0.0,0.0,4.0,4.0,3.0,6.0,7.0,5.0,3.0,5.0,9.0,12.0,0.0,0.0,0.0,0.0,0.0,0.0
Tipperary,Kilkenny,7.0,7.0,9.0,18.0,19.0,13.0,22.0,17.0,17.0,14.0,17.0,35.0,0.0,0.0,0.0,0.0,0.0,0.0
Tipperary,Laois,1.0,2.0,5.0,10.0,14.0,14.0,15.0,17.0,12.0,15.0,24.0,32.0,0.0,0.0,0.0,0.0,0.0,0.0
Tipperary,Longford,1.0,0.0,0.0,0.0,0.0,0.0,0.0,0.0,0.0,0.0,0.0,0.0,0.0,0.0,0.0,0.0,0.0,0.0
Tipperary,Louth,0.0,0.0,1.0,1.0,2.0,1.0,0.0,0.0,1.0,0.0,1.0,1.0,0.0,0.0,0.0,0.0,0.0,0.0
Tipperary,Meath,0.0,0.0,1.0,2.0,1.0,3.0,2.0,1.0,1.0,5.0,8.0,4.0,0.0,0.0,0.0,0.0,0.0,0.0
Tipperary,Offaly,5.0,6.0,8.0,6.0,3.0,9.0,4.0,4.0,4.0,5.0,9.0,11.0,0.0,0.0,0.0,0.0,0.0,0.0
Tipperary,Westmeath,2.0,1.0,1.0,1.0,1.0,1.0,1.0,1.0,0.0,2.0,9.0,10.0,0.0,0.0,0.0,0.0,0.0,0.0
Tipperary,Wexford,1.0,1.0,2.0,3.0,5.0,4.0,4.0,2.0,2.0,3.0,8.0,14.0,0.0,0.0,0.0,0.0,0.0,0.0
Tipperary,Wicklow,0.0,2.0,2.0,1.0,1.0,0.0,1.0,1.0,0.0,1.0,1.0,6.0,0.0,0.0,0.0,0.0,0.0,0.0
Tipperary,Clare,0.0,2.0,6.0,3.0,3.0,7.0,4.0,4.0,6.0,11.0,12.0,23.0,0.0,0.0,0.0,0.0,0.0,0.0
Tipperary,Cork,3.0,3.0,9.0,9.0,12.0,13.0,11.0,5.0,8.0,11.0,18.0,31.0,0.0,0.0,0.0,0.0,0.0,0.0
Tipperary,Kerry,2.0,0.0,2.0,2.0,4.0,3.0,3.0,5.0,6.0,7.0,9.0,9.0,0.0,0.0,0.0,0.0,0.0,0.0
Tipperary,Limerick,3.0,5.0,10.0,26.0,34.0,8.0,9.0,8.0,7.0,15.0,26.0,31.0,0.0,0.0,0.0,0.0,0.0,0.0
Tipperary,Tipperary,128.0,136.0,177.0,197.0,202.0,265.0,264.0,245.0,197.0,212.0,301.0,398.0,0.0,0.0,0.0,0.0,0.0,0.0
Tipperary,Waterford,4.0,8.0,9.0,11.0,17.0,8.0,9.0,6.0,6.0,11.0,12.0,25.0,0.0,0.0,0.0,0.0,0.0,0.0
Tipperary,Galway,2.0,2.0,5.0,7.0,5.0,3.0,4.0,2.0,1.0,2.0,3.0,7.0,0.0,0.0,0.0,0.0,0.0,0.0
Tipperary,Leitrim,0.0,0.0,0.0,0.0,0.0,1.0,1.0,0.0,2.0,0.0,0.0,0.0,0.0,0.0,0.0,0.0,0.0,0.0
Tipperary,Mayo,0.0,2.0,2.0,2.0,3.0,4.0,1.0,3.0,1.0,1.0,0.0,1.0,0.0,0.0,0.0,0.0,0.0,0.0
Tipperary,Roscommon,0.0,1.0,0.0,1.0,1.0,2.0,2.0,1.0,1.0,1.0,0.0,0.0,0.0,0.0,0.0,0.0,0.0,0.0
Tipperary,Sligo,0.0,0.0,1.0,2.0,1.0,0.0,0.0,0.0,0.0,1.0,0.0,1.0,0.0,0.0,0.0,0.0,0.0,0.0
Tipperary,Cavan,1.0,1.0,1.0,0.0,1.0,1.0,1.0,0.0,0.0,0.0,0.0,0.0,0.0,0.0,0.0,0.0,0.0,0.0
Tipperary,Donegal,0.0,0.0,8.0,2.0,2.0,3.0,2.0,2.0,3.0,1.0,2.0,1.0,0.0,0.0,0.0,0.0,0.0,0.0
Tipperary,Monaghan,0.0,0.0,1.0,2.0,2.0,2.0,2.0,0.0,0.0,0.0,1.0,2.0,0.0,0.0,0.0,0.0,0.0,0.0
Tipperary,Antrim,0.0,0.0,0.0,0.0,0.0,0.0,0.0,0.0,0.0,0.0,0.0,0.0,0.0,0.0,0.0,0.0,0.0,0.0
Tipperary,Armagh,0.0,0.0,0.0,0.0,0.0,0.0,0.0,0.0,0.0,0.0,0.0,0.0,0.0,0.0,0.0,0.0,0.0,0.0
Tipperary,Derry,0.0,0.0,0.0,0.0,0.0,0.0,0.0,0.0,0.0,0.0,0.0,0.0,0.0,0.0,0.0,0.0,0.0,0.0
Tipperary,Down,0.0,0.0,0.0,0.0,0.0,0.0,0.0,0.0,0.0,0.0,0.0,0.0,0.0,0.0,0.0,0.0,0.0,0.0
Tipperary,Fermanagh,0.0,0.0,0.0,0.0,0.0,0.0,0.0,0.0,0.0,0.0,0.0,0.0,0.0,0.0,0.0,0.0,0.0,0.0
Tipperary,Tyrone,0.0,0.0,0.0,0.0,0.0,0.0,0.0,0.0,0.0,0.0,0.0,0.0,0.0,0.0,0.0,0.0,0.0,0.0
Tipperary,Origin unknown,0.0,0.0,0.0,0.0,0.0,0.0,0.0,0.0,0.0,0.0,0.0,0.0,0.0,0.0,0.0,0.0,0.0,0.0
Waterford,All counties (2),5182.0,5324.0,5445.0,5690.0,5745.0,5267.0,5538.0,5459.0,5962.0,6137.0,6244.0,6416.0,6479.0,6541.0,6374.0,6199.0,6052.0,5923.0
Waterford,Carlow,122.0,149.0,241.0,186.0,174.0,162.0,196.0,208.0,204.0,220.0,191.0,191.0,181.0,136.0,145.0,155.0,177.0,169.0
Waterford,Dublin,230.0,180.0,143.0,139.0,135.0,109.0,103.0,97.0,121.0,109.0,105.0,118.0,131.0,139.0,126.0,115.0,112.0,125.0
Waterford,Kildare,212.0,193.0,190.0,171.0,189.0,167.0,173.0,159.0,170.0,190.0,196.0,194.0,156.0,154.0,136.0,135.0,131.0,133.0
Waterford,Kilkenny,504.0,535.0,605.0,671.0,703.0,680.0,735.0,730.0,788.0,788.0,782.0,837.0,830.0,817.0,799.0,779.0,764.0,754.0
Waterford,Laois,123.0,140.0,162.0,189.0,187.0,186.0,184.0,172.0,182.0,186.0,183.0,159.0,153.0,141.0,117.0,128.0,156.0,171.0
Waterford,Longford,11.0,10.0,6.0,14.0,13.0,13.0,11.0,10.0,5.0,6.0,5.0,5.0,6.0,4.0,3.0,5.0,3.0,5.0
Waterford,Louth,34.0,30.0,21.0,25.0,25.0,22.0,31.0,31.0,36.0,30.0,20.0,24.0,21.0,23.0,27.0,26.0,20.0,23.0
Waterford,Meath,98.0,92.0,94.0,87.0,66.0,67.0,55.0,55.0,54.0,62.0,69.0,51.0,46.0,48.0,40.0,35.0,47.0,49.0
Waterford,Offaly,76.0,86.0,85.0,93.0,85.0,64.0,70.0,52.0,59.0,80.0,84.0,90.0,81.0,78.0,77.0,71.0,70.0,70.0
Waterford,Westmeath,65.0,61.0,52.0,48.0,46.0,26.0,23.0,25.0,26.0,32.0,28.0,28.0,23.0,25.0,23.0,29.0,28.0,28.0
Waterford,Wexford,909.0,976.0,999.0,1050.0,1084.0,1015.0,1049.0,1009.0,1016.0,982.0,992.0,1012.0,1058.0,1087.0,1048.0,992.0,920.0,921.0
Waterford,Wicklow,178.0,198.0,125.0,155.0,151.0,151.0,155.0,149.0,191.0,204.0,194.0,192.0,185.0,175.0,190.0,192.0,177.0,170.0
Waterford,Clare,113.0,94.0,91.0,97.0,99.0,72.0,72.0,70.0,63.0,65.0,57.0,61.0,52.0,44.0,46.0,45.0,35.0,37.0
Waterford,Cork,373.0,345.0,329.0,354.0,357.0,343.0,361.0,359.0,357.0,351.0,331.0,343.0,369.0,411.0,373.0,339.0,364.0,361.0
Waterford,Kerry,91.0,114.0,93.0,92.0,88.0,76.0,81.0,70.0,69.0,56.0,51.0,44.0,53.0,54.0,68.0,70.0,69.0,62.0
Waterford,Limerick,145.0,129.0,123.0,141.0,130.0,121.0,108.0,105.0,120.0,122.0,102.0,115.0,100.0,98.0,93.0,86.0,83.0,78.0
Waterford,Tipperary,569.0,585.0,619.0,675.0,669.0,625.0,685.0,621.0,666.0,623.0,624.0,669.0,678.0,715.0,719.0,717.0,723.0,721.0
Waterford,Waterford,1083.0,1190.0,1288.0,1323.0,1393.0,1237.0,1329.0,1418.0,1716.0,1911.0,2100.0,2151.0,2212.0,2256.0,2208.0,2149.0,2055.0,1946.0
Waterford,Galway,72.0,63.0,55.0,55.0,47.0,39.0,34.0,45.0,46.0,48.0,53.0,56.0,57.0,58.0,64.0,53.0,53.0,36.0
Waterford,Leitrim,13.0,16.0,17.0,12.0,10.0,7.0,5.0,4.0,4.0,6.0,5.0,4.0,6.0,10.0,7.0,5.0,4.0,5.0
Waterford,Mayo,48.0,46.0,35.0,33.0,20.0,25.0,20.0,14.0,16.0,15.0,17.0,14.0,13.0,14.0,13.0,20.0,18.0,18.0
Waterford,Roscommon,28.0,23.0,17.0,18.0,15.0,9.0,7.0,7.0,12.0,11.0,13.0,14.0,24.0,19.0,19.0,11.0,11.0,13.0
Waterford,Sligo,11.0,11.0,11.0,4.0,7.0,5.0,9.0,11.0,9.0,8.0,8.0,10.0,11.0,5.0,6.0,9.0,6.0,5.0
Waterford,Cavan,39.0,27.0,22.0,27.0,23.0,22.0,24.0,19.0,13.0,10.0,12.0,15.0,13.0,9.0,12.0,12.0,10.0,6.0
Waterford,Donegal,15.0,14.0,13.0,13.0,18.0,12.0,13.0,12.0,9.0,12.0,12.0,9.0,9.0,10.0,7.0,9.0,9.0,9.0
Waterford,Monaghan,19.0,15.0,9.0,17.0,10.0,11.0,5.0,7.0,10.0,10.0,8.0,9.0,6.0,6.0,6.0,6.0,4.0,4.0
Waterford,Antrim,1.0,1.0,0.0,0.0,0.0,0.0,0.0,0.0,0.0,0.0,0.0,0.0,0.0,0.0,0.0,0.0,0.0,0.0
Waterford,Armagh,0.0,0.0,0.0,0.0,0.0,0.0,0.0,0.0,0.0,0.0,0.0,0.0,0.0,0.0,0.0,0.0,0.0,0.0
Waterford,Derry,0.0,0.0,0.0,0.0,0.0,0.0,0.0,0.0,0.0,0.0,0.0,0.0,0.0,0.0,0.0,0.0,0.0,0.0
Waterford,Down,0.0,0.0,0.0,0.0,0.0,0.0,0.0,0.0,0.0,0.0,0.0,0.0,0.0,0.0,0.0,0.0,1.0,0.0
Waterford,Fermanagh,0.0,0.0,0.0,1.0,0.0,0.0,0.0,0.0,0.0,0.0,0.0,0.0,0.0,0.0,0.0,0.0,0.0,0.0
Waterford,Tyrone,0.0,1.0,0.0,0.0,1.0,1.0,0.0,0.0,0.0,0.0,0.0,0.0,1.0,1.0,2.0,1.0,1.0,1.0
Waterford,Origin unknown,0.0,0.0,0.0,0.0,0.0,0.0,0.0,0.0,0.0,0.0,2.0,1.0,4.0,4.0,0.0,1.0,1.0,3.0
Galway,All counties (2),12161.0,12705.0,13613.0,14449.0,15206.0,14755.0,15210.0,14937.0,14919.0,15578.0,16733.0,17174.0,17183.0,15771.0,16218.0,16452.0,16929.0,18205.0
Galway,Carlow,41.0,41.0,36.0,54.0,58.0,63.0,67.0,65.0,69.0,62.0,74.0,72.0,68.0,65.0,75.0,73.0,88.0,100.0
Galway,Dublin,385.0,472.0,450.0,455.0,422.0,307.0,318.0,341.0,322.0,340.0,339.0,366.0,357.0,372.0,424.0,452.0,539.0,550.0
Galway,Kildare,157.0,151.0,174.0,164.0,187.0,172.0,159.0,168.0,187.0,200.0,227.0,261.0,267.0,256.0,283.0,290.0,320.0,354.0
Galway,Kilkenny,87.0,97.0,95.0,89.0,90.0,87.0,87.0,81.0,77.0,67.0,79.0,95.0,94.0,88.0,84.0,91.0,104.0,124.0
Galway,Laois,121.0,126.0,149.0,139.0,150.0,166.0,177.0,183.0,205.0,207.0,209.0,222.0,225.0,183.0,185.0,201.0,254.0,276.0
Galway,Longford,158.0,142.0,188.0,176.0,195.0,198.0,201.0,216.0,202.0,223.0,237.0,235.0,218.0,203.0,213.0,245.0,254.0,254.0
Galway,Louth,111.0,115.0,111.0,115.0,94.0,88.0,81.0,79.0,69.0,66.0,81.0,78.0,93.0,106.0,115.0,128.0,131.0,153.0
Galway,Meath,169.0,144.0,140.0,139.0,158.0,190.0,181.0,166.0,192.0,190.0,208.0,221.0,231.0,215.0,225.0,244.0,257.0,284.0
Galway,Offaly,238.0,239.0,233.0,266.0,280.0,284.0,286.0,273.0,287.0,329.0,357.0,386.0,389.0,376.0,380.0,380.0,373.0,424.0
Galway,Westmeath,314.0,305.0,336.0,348.0,379.0,409.0,458.0,463.0,457.0,476.0,509.0,510.0,485.0,436.0,452.0,445.0,443.0,496.0
Galway,Wexford,94.0,82.0,82.0,75.0,76.0,73.0,74.0,70.0,76.0,61.0,75.0,74.0,73.0,86.0,95.0,94.0,108.0,116.0
Galway,Wicklow,59.0,56.0,53.0,67.0,68.0,79.0,73.0,77.0,73.0,72.0,105.0,106.0,110.0,107.0,136.0,155.0,174.0,169.0
Galway,Clare,722.0,735.0,818.0,843.0,917.0,902.0,964.0,924.0,887.0,936.0,971.0,968.0,987.0,960.0,994.0,984.0,996.0,1049.0
Galway,Cork,324.0,356.0,321.0,321.0,322.0,341.0,323.0,290.0,267.0,256.0,300.0,291.0,299.0,300.0,323.0,331.0,353.0,418.0
Galway,Kerry,318.0,283.0,301.0,302.0,316.0,307.0,297.0,281.0,227.0,231.0,263.0,274.0,274.0,269.0,292.0,306.0,351.0,368.0
Galway,Limerick,323.0,403.0,383.0,423.0,420.0,400.0,394.0,383.0,344.0,334.0,331.0,343.0,334.0,316.0,357.0,350.0,402.0,429.0
Galway,Tipperary,358.0,297.0,326.0,289.0,341.0,323.0,302.0,254.0,230.0,233.0,267.0,280.0,315.0,327.0,361.0,369.0,400.0,420.0
Galway,Waterford,63.0,67.0,78.0,72.0,78.0,71.0,69.0,60.0,55.0,55.0,60.0,46.0,58.0,76.0,92.0,106.0,102.0,125.0
Galway,Galway,4579.0,4843.0,5268.0,5640.0,5812.0,5576.0,5904.0,5789.0,6198.0,6569.0,6869.0,7227.0,7285.0,6272.0,6438.0,6538.0,6395.0,6992.0
Galway,Leitrim,145.0,132.0,168.0,177.0,217.0,217.0,227.0,213.0,202.0,250.0,273.0,274.0,303.0,268.0,261.0,229.0,233.0,239.0
Galway,Mayo,1555.0,1672.0,1790.0,2096.0,2255.0,2170.0,2203.0,2191.0,2074.0,2091.0,2297.0,2340.0,2281.0,2090.0,2075.0,2062.0,2098.0,2129.0
Galway,Roscommon,564.0,532.0,571.0,628.0,679.0,665.0,733.0,696.0,588.0,607.0,702.0,701.0,664.0,650.0,632.0,660.0,684.0,744.0
Galway,Sligo,459.0,521.0,561.0,598.0,652.0,639.0,611.0,602.0,591.0,587.0,681.0,630.0,602.0,552.0,534.0,516.0,548.0,528.0
Galway,Cavan,152.0,174.0,179.0,179.0,192.0,179.0,186.0,195.0,175.0,183.0,182.0,187.0,196.0,188.0,191.0,188.0,232.0,307.0
Galway,Donegal,521.0,579.0,655.0,627.0,670.0,686.0,676.0,714.0,702.0,787.0,902.0,873.0,876.0,891.0,850.0,821.0,837.0,913.0
Galway,Monaghan,88.0,64.0,67.0,75.0,85.0,67.0,61.0,72.0,79.0,82.0,86.0,79.0,83.0,107.0,128.0,147.0,162.0,168.0
Galway,Antrim,8.0,15.0,20.0,23.0,1.0,31.0,22.0,21.0,12.0,11.0,14.0,10.0,4.0,2.0,7.0,16.0,33.0,26.0
Galway,Armagh,4.0,7.0,7.0,10.0,12.0,9.0,10.0,8.0,2.0,4.0,2.0,0.0,0.0,0.0,1.0,1.0,2.0,2.0
Galway,Derry,10.0,17.0,22.0,25.0,19.0,17.0,13.0,7.0,7.0,4.0,10.0,9.0,4.0,5.0,3.0,3.0,10.0,9.0
Galway,Down,18.0,17.0,13.0,11.0,14.0,13.0,16.0,7.0,7.0,0.0,7.0,3.0,1.0,1.0,2.0,5.0,11.0,6.0
Galway,Fermanagh,4.0,7.0,6.0,10.0,29.0,14.0,13.0,6.0,4.0,5.0,5.0,5.0,3.0,2.0,4.0,10.0,16.0,12.0
Galway,Tyrone,12.0,14.0,12.0,13.0,13.0,10.0,12.0,7.0,7.0,5.0,11.0,8.0,4.0,2.0,6.0,11.0,19.0,19.0
Galway,Origin unknown,0.0,0.0,0.0,0.0,5.0,2.0,12.0,35.0,45.0,55.0,0.0,0.0,0.0,0.0,0.0,1.0,0.0,2.0
Sligo,All counties (2),3141.0,2982.0,3428.0,3641.0,3558.0,3713.0,4020.0,3905.0,3833.0,3870.0,4162.0,4255.0,4189.0,4216.0,4219.0,4251.0,4223.0,4101.0
Sligo,Carlow,15.0,13.0,6.0,6.0,10.0,8.0,8.0,8.0,11.0,10.0,2.0,6.0,8.0,9.0,3.0,9.0,7.0,6.0
Sligo,Dublin,75.0,68.0,55.0,56.0,49.0,58.0,77.0,57.0,52.0,40.0,44.0,55.0,57.0,61.0,109.0,73.0,68.0,65.0
Sligo,Kildare,45.0,36.0,35.0,30.0,27.0,29.0,31.0,32.0,30.0,31.0,24.0,35.0,36.0,47.0,42.0,45.0,35.0,28.0
Sligo,Kilkenny,10.0,9.0,11.0,9.0,9.0,6.0,6.0,12.0,22.0,18.0,18.0,18.0,17.0,17.0,32.0,24.0,31.0,30.0
Sligo,Laois,13.0,9.0,8.0,6.0,8.0,9.0,10.0,11.0,9.0,10.0,13.0,17.0,24.0,21.0,27.0,21.0,21.0,23.0
Sligo,Longford,126.0,102.0,116.0,119.0,153.0,156.0,149.0,132.0,118.0,141.0,141.0,124.0,109.0,115.0,99.0,106.0,110.0,107.0
Sligo,Louth,17.0,22.0,24.0,22.0,23.0,23.0,20.0,17.0,18.0,25.0,36.0,35.0,29.0,30.0,34.0,27.0,29.0,21.0
Sligo,Meath,43.0,37.0,46.0,54.0,51.0,70.0,72.0,62.0,49.0,65.0,84.0,76.0,93.0,81.0,84.0,94.0,90.0,79.0
Sligo,Offaly,43.0,34.0,29.0,28.0,21.0,36.0,36.0,39.0,38.0,44.0,33.0,42.0,29.0,39.0,33.0,36.0,34.0,46.0
Sligo,Westmeath,90.0,89.0,71.0,80.0,75.0,54.0,64.0,71.0,73.0,80.0,132.0,129.0,127.0,143.0,141.0,159.0,155.0,159.0
Sligo,Wexford,21.0,24.0,13.0,12.0,7.0,8.0,11.0,15.0,12.0,11.0,11.0,9.0,11.0,10.0,9.0,14.0,16.0,22.0
Sligo,Wicklow,15.0,20.0,21.0,8.0,6.0,10.0,9.0,13.0,9.0,8.0,13.0,19.0,19.0,26.0,17.0,23.0,17.0,15.0
Sligo,Clare,47.0,33.0,42.0,37.0,40.0,39.0,42.0,48.0,37.0,36.0,20.0,31.0,26.0,35.0,29.0,36.0,37.0,28.0
Sligo,Cork,43.0,43.0,22.0,30.0,30.0,31.0,45.0,36.0,39.0,36.0,39.0,38.0,48.0,42.0,53.0,44.0,48.0,46.0
Sligo,Kerry,25.0,20.0,17.0,21.0,18.0,15.0,16.0,15.0,21.0,19.0,13.0,24.0,15.0,20.0,14.0,22.0,26.0,20.0
Sligo,Limerick,31.0,19.0,23.0,30.0,25.0,23.0,28.0,16.0,19.0,9.0,27.0,19.0,25.0,17.0,21.0,20.0,15.0,16.0
Sligo,Tipperary,33.0,28.0,23.0,22.0,12.0,12.0,19.0,25.0,24.0,22.0,11.0,19.0,13.0,26.0,14.0,26.0,32.0,27.0
Sligo,Waterford,6.0,13.0,11.0,6.0,6.0,9.0,15.0,9.0,12.0,9.0,6.0,10.0,7.0,11.0,15.0,18.0,16.0,14.0
Sligo,Galway,231.0,207.0,244.0,270.0,260.0,250.0,294.0,277.0,247.0,283.0,319.0,288.0,338.0,299.0,327.0,276.0,246.0,228.0
Sligo,Leitrim,195.0,205.0,288.0,293.0,313.0,313.0,326.0,312.0,303.0,321.0,324.0,320.0,272.0,267.0,270.0,301.0,308.0,287.0
Sligo,Mayo,527.0,502.0,596.0,646.0,642.0,702.0,808.0,841.0,802.0,813.0,820.0,824.0,765.0,724.0,661.0,641.0,606.0,578.0
Sligo,Roscommon,264.0,238.0,303.0,341.0,311.0,363.0,345.0,358.0,325.0,308.0,327.0,368.0,321.0,329.0,279.0,275.0,266.0,226.0
Sligo,Sligo,811.0,755.0,906.0,919.0,905.0,882.0,951.0,915.0,933.0,915.0,986.0,1062.0,1039.0,1053.0,1043.0,1100.0,1097.0,1041.0
Sligo,Cavan,145.0,182.0,195.0,214.0,238.0,215.0,233.0,196.0,230.0,223.0,222.0,229.0,231.0,253.0,269.0,248.0,251.0,226.0
Sligo,Donegal,210.0,209.0,246.0,276.0,224.0,299.0,305.0,309.0,311.0,302.0,333.0,347.0,376.0,400.0,438.0,465.0,526.0,529.0
Sligo,Monaghan,56.0,56.0,70.0,100.0,90.0,86.0,93.0,76.0,87.0,86.0,101.0,104.0,106.0,132.0,128.0,134.0,124.0,121.0
Sligo,Antrim,3.0,4.0,1.0,2.0,1.0,0.0,1.0,0.0,0.0,0.0,1.0,0.0,1.0,0.0,1.0,1.0,0.0,1.0
Sligo,Armagh,0.0,0.0,0.0,0.0,0.0,0.0,0.0,0.0,0.0,0.0,1.0,0.0,0.0,1.0,2.0,0.0,0.0,0.0
Sligo,Derry,0.0,0.0,0.0,0.0,0.0,0.0,0.0,0.0,1.0,1.0,2.0,0.0,1.0,2.0,6.0,1.0,0.0,1.0
Sligo,Down,0.0,1.0,1.0,1.0,1.0,0.0,0.0,0.0,0.0,0.0,0.0,0.0,1.0,3.0,4.0,3.0,0.0,0.0
Sligo,Fermanagh,1.0,2.0,4.0,2.0,3.0,6.0,5.0,3.0,1.0,3.0,6.0,5.0,4.0,2.0,10.0,8.0,8.0,10.0
Sligo,Tyrone,0.0,2.0,1.0,1.0,0.0,1.0,1.0,0.0,0.0,0.0,1.0,2.0,1.0,1.0,5.0,2.0,3.0,3.0
Sligo,Origin unknown,0.0,0.0,0.0,0.0,0.0,0.0,0.0,0.0,0.0,1.0,52.0,0.0,40.0,0.0,0.0,0.0,1.0,98.0
Donegal,All counties (2),2122.0,2156.0,2078.0,2045.0,2135.0,1960.0,2077.0,2085.0,1844.0,2140.0,2403.0,2490.0,2464.0,2618.0,2655.0,2858.0,2913.0,2890.0
Donegal,Carlow,4.0,3.0,1.0,2.0,0.0,2.0,1.0,1.0,0.0,2.0,0.0,1.0,4.0,1.0,1.0,3.0,4.0,4.0
Donegal,Dublin,63.0,48.0,36.0,30.0,24.0,25.0,31.0,24.0,18.0,19.0,15.0,17.0,25.0,49.0,29.0,26.0,29.0,25.0
Donegal,Kildare,27.0,17.0,12.0,15.0,11.0,5.0,5.0,7.0,9.0,7.0,10.0,14.0,12.0,16.0,14.0,16.0,21.0,19.0
Donegal,Kilkenny,3.0,4.0,5.0,3.0,2.0,2.0,1.0,2.0,2.0,2.0,3.0,4.0,5.0,3.0,6.0,7.0,9.0,9.0
Donegal,Laois,3.0,1.0,0.0,0.0,1.0,1.0,2.0,3.0,2.0,2.0,4.0,5.0,7.0,14.0,9.0,9.0,9.0,5.0
Donegal,Longford,15.0,11.0,15.0,11.0,9.0,12.0,13.0,16.0,12.0,14.0,9.0,12.0,12.0,10.0,14.0,14.0,14.0,17.0
Donegal,Louth,23.0,18.0,13.0,11.0,9.0,14.0,12.0,11.0,14.0,19.0,25.0,17.0,15.0,15.0,15.0,16.0,29.0,24.0
Donegal,Meath,32.0,23.0,16.0,13.0,12.0,20.0,17.0,17.0,14.0,16.0,20.0,29.0,19.0,22.0,16.0,20.0,14.0,16.0
Donegal,Offaly,4.0,2.0,1.0,6.0,4.0,8.0,4.0,3.0,0.0,0.0,3.0,5.0,5.0,9.0,8.0,8.0,4.0,5.0
Donegal,Westmeath,6.0,3.0,4.0,3.0,4.0,5.0,11.0,9.0,6.0,7.0,15.0,8.0,10.0,10.0,7.0,8.0,5.0,14.0
Donegal,Wexford,9.0,5.0,1.0,4.0,3.0,4.0,4.0,3.0,1.0,2.0,3.0,6.0,3.0,5.0,4.0,5.0,4.0,7.0
Donegal,Wicklow,8.0,7.0,2.0,3.0,3.0,7.0,4.0,4.0,6.0,5.0,9.0,13.0,8.0,11.0,14.0,12.0,12.0,13.0
Donegal,Clare,8.0,3.0,6.0,11.0,11.0,10.0,17.0,9.0,8.0,10.0,9.0,10.0,10.0,6.0,10.0,13.0,12.0,17.0
Donegal,Cork,12.0,6.0,5.0,6.0,7.0,9.0,7.0,6.0,3.0,4.0,6.0,3.0,4.0,6.0,8.0,8.0,10.0,11.0
Donegal,Kerry,5.0,4.0,5.0,4.0,2.0,5.0,6.0,5.0,2.0,5.0,4.0,4.0,6.0,5.0,5.0,4.0,1.0,3.0
Donegal,Limerick,6.0,4.0,2.0,1.0,2.0,1.0,6.0,5.0,4.0,4.0,4.0,4.0,6.0,9.0,9.0,11.0,9.0,7.0
Donegal,Tipperary,4.0,4.0,5.0,3.0,5.0,6.0,5.0,6.0,3.0,2.0,2.0,1.0,3.0,3.0,4.0,5.0,2.0,2.0
Donegal,Waterford,5.0,1.0,1.0,0.0,1.0,1.0,0.0,2.0,0.0,1.0,3.0,2.0,2.0,3.0,2.0,2.0,2.0,2.0
Donegal,Galway,55.0,42.0,31.0,29.0,26.0,33.0,28.0,33.0,28.0,31.0,38.0,32.0,35.0,45.0,42.0,37.0,45.0,35.0
Donegal,Leitrim,39.0,52.0,46.0,43.0,48.0,37.0,38.0,34.0,28.0,26.0,29.0,23.0,30.0,43.0,43.0,45.0,51.0,40.0
Donegal,Mayo,80.0,70.0,74.0,83.0,96.0,91.0,108.0,92.0,87.0,90.0,94.0,86.0,94.0,88.0,99.0,95.0,89.0,80.0
Donegal,Roscommon,49.0,38.0,32.0,24.0,34.0,27.0,23.0,24.0,18.0,23.0,23.0,29.0,29.0,37.0,35.0,47.0,48.0,47.0
Donegal,Sligo,97.0,83.0,88.0,89.0,84.0,89.0,92.0,98.0,68.0,69.0,44.0,69.0,91.0,96.0,104.0,115.0,104.0,95.0
Donegal,Cavan,56.0,53.0,39.0,45.0,49.0,36.0,35.0,27.0,22.0,24.0,24.0,25.0,26.0,45.0,45.0,55.0,61.0,56.0
Donegal,Donegal,1401.0,1547.0,1540.0,1506.0,1593.0,1422.0,1520.0,1551.0,1414.0,1672.0,1920.0,1977.0,1905.0,1939.0,1978.0,2134.0,2165.0,2183.0
Donegal,Monaghan,100.0,93.0,86.0,87.0,90.0,86.0,83.0,84.0,68.0,66.0,73.0,76.0,81.0,107.0,107.0,115.0,124.0,104.0
Donegal,Antrim,0.0,2.0,1.0,2.0,2.0,1.0,1.0,1.0,0.0,0.0,0.0,0.0,0.0,0.0,0.0,0.0,1.0,2.0
Donegal,Armagh,1.0,2.0,0.0,0.0,0.0,0.0,0.0,0.0,0.0,0.0,0.0,0.0,0.0,0.0,1.0,0.0,0.0,0.0
Donegal,Derry,5.0,2.0,2.0,4.0,0.0,0.0,0.0,2.0,2.0,6.0,7.0,8.0,12.0,6.0,10.0,13.0,21.0,30.0
Donegal,Down,0.0,1.0,0.0,1.0,0.0,0.0,0.0,0.0,3.0,3.0,2.0,1.0,0.0,0.0,0.0,2.0,2.0,2.0
Donegal,Fermanagh,1.0,0.0,0.0,0.0,0.0,0.0,0.0,0.0,0.0,0.0,0.0,0.0,1.0,3.0,1.0,3.0,2.0,2.0
Donegal,Tyrone,1.0,7.0,9.0,6.0,3.0,1.0,3.0,6.0,2.0,9.0,5.0,7.0,4.0,7.0,4.0,8.0,9.0,12.0
Donegal,Origin unknown,0.0,0.0,0.0,0.0,0.0,0.0,0.0,0.0,0.0,0.0,0.0,2.0,0.0,5.0,11.0,2.0,1.0,2.0
